,Ник,Подписч,Комментарий
https://www.instagram.com/cheap_travell,cheap_travell,11000,
https://www.instagram.com/prof_chisto54,prof_chisto54,500,
https://www.instagram.com/egorov.vladimir.pro,egorov.vladimir.pro,12000,
https://www.instagram.com/vtorova_tatiana,vtorova_tatiana,1200,
https://www.instagram.com/mcd.manezh,mcd.manezh,1100,
https://www.instagram.com/maxcity.ua,maxcity.ua,6800,
https://www.instagram.com/banzai.cv.ua_0502178095,banzai.cv.ua_0502178095,17000,
https://www.instagram.com/fettamara,fettamara,1700,
https://www.instagram.com/narsha_vlog,narsha_vlog,5300,
https://www.instagram.com/charisma_detox,charisma_detox,2900,
https://www.instagram.com/kortros.feed,kortros.feed,23000,
https://www.instagram.com/olga_lo,olga_lo,4000,
https://www.instagram.com/dorofeeva_lawyer_minsk,dorofeeva_lawyer_minsk,12000,
https://www.instagram.com/delo_biznesa,delo_biznesa,3600,
https://www.instagram.com/academy.lk,academy.lk,53000,
https://www.instagram.com/di.6kk,di.6kk,10000,
https://www.instagram.com/voropaeva.galyna,voropaeva.galyna,11000,
https://www.instagram.com/tvoy_master_olga,tvoy_master_olga,5900,
https://www.instagram.com/ekaterina_vrach,ekaterina_vrach,8600,
https://www.instagram.com/helpersvirid,helpersvirid,4800,
https://www.instagram.com/galereya_ulybok_krsk,galereya_ulybok_krsk,4100,
https://www.instagram.com/psycholog_utegenova,psycholog_utegenova,1000,
https://www.instagram.com/nadya_volk_photo,nadya_volk_photo,1500,
https://www.instagram.com/soslandzutsev/,soslandzutsev,37000,
https://www.instagram.com/maryna.gusak,maryna.gusak,1100,
https://www.instagram.com/gosslugi,gosslugi,13000,
https://www.instagram.com/veryaevanadezhda,veryaevanadezhda,68000,
https://www.instagram.com/pavelstefanic,pavelstefanic,1400,
https://www.instagram.com/krivosheeva_nn,krivosheeva_nn,1100,
https://www.instagram.com/atitravelru,atitravelru,3300,
https://www.instagram.com/klimova_rulit,klimova_rulit,8200,
https://www.instagram.com/ekaterina.erinav,ekaterina.erinav,641000,
https://www.instagram.com/tatiana.bocharova.yoga,tatiana.bocharova.yoga,2500,
https://www.instagram.com/shiyan.i,shiyan.i,3900,
https://www.instagram.com/loren.studio.pm,loren.studio.pm,3200,
https://www.instagram.com/airat_khabibyllin_yurist,airat_khabibyllin_yurist,456000,
https://www.instagram.com/endemikaschool,endemikaschool,5000,
https://www.instagram.com/zr_ru,zr_ru,161000,
https://www.instagram.com/zooprim,zooprim,2000,
https://www.instagram.com/karat__nik,karat__nik,23000,
https://www.instagram.com/vip_browmaster,vip_browmaster,1200,
https://www.instagram.com/aleksandrbelgorokov,aleksandrbelgorokov,24000,
https://www.instagram.com/detskiiym_s.posad,detskiiym_s.posad,14000,
https://www.instagram.com/pushkareva_julia,pushkareva_julia,1600,
https://www.instagram.com/konstantin_bogoyavlenskiy,konstantin_bogoyavlenskiy,393,
https://www.instagram.com/tomito.officiall,tomito.officiall,5100,
https://www.instagram.com/lyudmila_akopyan,lyudmila_akopyan,968,
https://www.instagram.com/margo_bychenko,margo_bychenko,2600,
https://www.instagram.com/autogik,autogik,3350,
https://www.instagram.com/muskdesna,muskdesna,1300,
https://www.instagram.com/_igor_ryabinin,_igor_ryabinin,947,
https://www.instagram.com/anna_komkina,anna_komkina,3400,
https://www.instagram.com/hr_tashika,hr_tashika,1300,
https://www.instagram.com/smm_razvedka,smm_razvedka,480,
https://www.instagram.com/marchenko_buh,marchenko_buh,12000,
https://www.instagram.com/stepanovlawyer,stepanovlawyer,15000,
https://www.instagram.com/dmitriy.ud,dmitriy.ud,11000,
https://www.instagram.com/assi_ionova,assi_ionova,1300,
https://www.instagram.com/lubapatriot,lubapatriot,17000,
https://www.instagram.com/sergeyslutsky,sergeyslutsky,900,
https://www.instagram.com/elena_vystavochkina,elena_vystavochkina,,
https://www.instagram.com/fomicheva_as,fomicheva_as,,
https://www.instagram.com/tatyanakrupnova777,tatyanakrupnova777,,
https://www.instagram.com/yssavina,yssavina,,
https://www.instagram.com/tatiana_tibets,tatiana_tibets,,
https://www.instagram.com/angelika_govor,angelika_govor,,
https://www.instagram.com/juliia_tarkanovskaia,juliia_tarkanovskaia,,
https://www.instagram.com/tv.lanina,tv.lanina,,
https://www.instagram.com/donskoy.vip,donskoy.vip,,Как поняла?
https://www.instagram.com/i.kuchebaev,i.kuchebaev,,
https://www.instagram.com/elena_vashchenko60,elena_vashchenko60,,
https://www.instagram.com/tatyanochka.t,tatyanochka.t,,
https://www.instagram.com/zi_konakova,zi_konakova,,
https://www.instagram.com/masha_leonova_fashion,masha_leonova_fashion,,
https://www.instagram.com/victoriaagabekova,victoriaagabekova,,
https://www.instagram.com/dubnitskaya.natalia,dubnitskaya.natalia,,
https://www.instagram.com/n_metelitsa,n_metelitsa,,
https://www.instagram.com/simpleasmoney,simpleasmoney,,
https://www.instagram.com/b.b.consulting_,b.b.consulting_,,
https://www.instagram.com/nasb.su,nasb.su,,
https://www.instagram.com/godiva.nika,godiva.nika,,
https://www.instagram.com/olesia_voronina_prof,olesia_voronina_prof,,
https://www.instagram.com/sergeipolosuha,sergeipolosuha,,
https://www.instagram.com/superangryproducer,superangryproducer,,
https://www.instagram.com/cons_exp,cons_exp,,
https://www.instagram.com/nazipovhelp,nazipovhelp,,
https://www.instagram.com/larisa.magafurova,larisa.magafurova,,
https://www.instagram.com/advokat_musaeva,advokat_musaeva,,
https://www.instagram.com/larisa_arslanova,larisa_arslanova,,
https://www.instagram.com/centrevzglyad,centrevzglyad,,
https://www.instagram.com/bca_group.ru,bca_group.ru,,
https://www.instagram.com/podryadchik_irk,podryadchik_irk,,
https://www.instagram.com/goebelsergei,goebelsergei,,
,artemy_kash,,
https://www.instagram.com/olgaivanovnakartashova,olgaivanovnakartashova,,
https://www.instagram.com/denis_director,denis_director,,
https://www.instagram.com/katerinakruglova.official,katerinakruglova.official,,
https://www.instagram.com/svetlana_alikovna_,svetlana_alikovna_,,
https://www.instagram.com/storchakolga_,storchakolga_,,
https://www.instagram.com/doctor_akhmerovaaizhan,doctor_akhmerovaaizhan,,
https://www.instagram.com/mariya.effekt,mariya.effekt,,
https://www.instagram.com/alinka_borisovna_,alinka_borisovna_,,
https://www.instagram.com/artemsemerninov,artemsemerninov,,
https://www.instagram.com/taaaniiitaaa,taaaniiitaaa,,
https://www.instagram.com/andrei_s.bogdanov,andrei_s.bogdanov,,
https://www.instagram.com/school_937,school_937,,
https://www.instagram.com/tatiana.minaeva,tatiana.minaeva,,
https://www.instagram.com/anna.fortunate777,anna.fortunate777,,
https://www.instagram.com/nazar_antipov,nazar_antipov,,
https://www.instagram.com/gulnarakukharchuk,gulnarakukharchuk,,
https://www.instagram.com/a.petukhov,a.petukhov,,
https://www.instagram.com/nikismirnoff,nikismirnoff,,
https://www.instagram.com/satiprolife,satiprolife,,
https://www.instagram.com/elina1_blog,elina1_blog,,
https://www.instagram.com/msergeeva_healthy_life,msergeeva_healthy_life,,
https://www.instagram.com/everonika,everonika,,
https://www.instagram.com/pechurina.irina,pechurina.irina,,
https://www.instagram.com/kiryxa102,kiryxa102,,
https://www.instagram.com/tatyana_spiridonova5,tatyana_spiridonova5,,
https://www.instagram.com/natalliasakharava,natalliasakharava,,
https://www.instagram.com/vladimiryakuba,vladimiryakuba,,
https://www.instagram.com/arina_romantsova,arina_romantsova,,
https://www.instagram.com/julia_kadrovik,julia_kadrovik,,
https://www.instagram.com/psyholog_olga_,psyholog_olga_,,
https://www.instagram.com/insta_marketolog_odi,insta_marketolog_odi,283,
https://www.instagram.com/dasha__novik,dasha__novik,1300,
https://www.instagram.com/kateryna_kurlap,kateryna_kurlap,8000,
https://www.instagram.com/helen_chernykh_,helen_chernykh_,1100,
https://www.instagram.com/smmsoln,smmsoln,30000,
https://www.instagram.com/elena_smm_pro,elena_smm_pro,220,
https://www.instagram.com/oksana29pvl,oksana29pvl,711,
https://www.instagram.com/alionabolhsakova,alionabolhsakova,1200,
https://www.instagram.com/kukuhkin_official,kukuhkin_official,788,
https://www.instagram.com/elenakatsiuba1976,elenakatsiuba1976,28000,
https://www.instagram.com/alina_sirota,alina_sirota,3000,
https://www.instagram.com/svechkorenko,svechkorenko,1000000,
https://www.instagram.com/kava.school,kava.school,32000,
https://www.instagram.com/olya.dubinskaia,olya.dubinskaia,3000,
https://www.instagram.com/polinakom03,polinakom03,281,
https://www.instagram.com/smm_in_use,smm_in_use,251,
https://www.instagram.com/samoukina_n,samoukina_n,1100,
https://www.instagram.com/karpovatop,karpovatop,3800,
https://www.instagram.com/ksenia_kovski,ksenia_kovski,450,
https://www.instagram.com/dizainer_slov,dizainer_slov,1000,
https://www.instagram.com/permanent_gomel,permanent_gomel,4000,
https://www.instagram.com/fadeevanataly,fadeevanataly,10000,
https://www.instagram.com/strakhovamasha,strakhovamasha,7000,
https://www.instagram.com/zdorovologia,zdorovologia,112000,
https://www.instagram.com/anasti_tarasova,anasti_tarasova,700,
https://www.instagram.com/muraviev.grodno,muraviev.grodno,2400,
https://www.instagram.com/alfiya.maruf,alfiya.maruf,451,
https://www.instagram.com/csp_vrn,csp_vrn,5000,
https://www.instagram.com/vasilylozhnikov_official,vasilylozhnikov_official,7600,
https://www.instagram.com/ivanova_m.gabriel,ivanova_m.gabriel,2600,
https://www.instagram.com/byr4ak,byr4ak,3900,
https://www.instagram.com/m2fit.com.ua,m2fit.com.ua,2500,
https://www.instagram.com/svetlana.ponedelkoo,svetlana.ponedelkoo,5700,
https://www.instagram.com/olya_mitrohina_smm,olya_mitrohina_smm,180,
https://www.instagram.com/svetvalle,svetvalle,2700,
https://www.instagram.com/elena_benzik,elena_benzik,3300,
https://www.instagram.com/reg_freelancer,reg_freelancer,490,
https://www.instagram.com/aminochka_bc,aminochka_bc,941,
https://www.instagram.com/ornellaveigule,ornellaveigule,1900,
https://www.instagram.com/sever_crossfit,sever_crossfit,7000,
https://www.instagram.com/galinakobiakova31,galinakobiakova31,990,
https://www.instagram.com/dimekr,dimekr,25000,
https://www.instagram.com/_rabota_vlada_,_rabota_vlada_,2000,
https://www.instagram.com/gem_smm,gem_smm,400,
https://www.instagram.com/irina.gusamova,irina.gusamova,7800,
https://www.instagram.com/zulfiya_latypova_,zulfiya_latypova_,4900,
https://www.instagram.com/elena_suspicina,elena_suspicina,152,
https://www.instagram.com/vikki_novik,vikki_novik,61000,
https://www.instagram.com/katherina_one,katherina_one,10000,
https://www.instagram.com/trubinasmm,trubinasmm,671,
https://www.instagram.com/onlitanya,onlitanya,119,
https://www.instagram.com/alena.help.smm,alena.help.smm,231,
https://www.instagram.com/olgaagibalova,olgaagibalova,2700,
https://www.instagram.com/illustrator.nataly,illustrator.nataly,7000,
https://www.instagram.com/foxbrowstudio,foxbrowstudio,9500,
https://www.instagram.com/top_nails_zv,top_nails_zv,2000,
https://www.instagram.com/mmmill.er,mmmill.er,1600,
https://www.instagram.com/pelka.msk,pelka.msk,4000,
https://www.instagram.com/smm_vally,smm_vally,612,
https://www.instagram.com/new_day_club,new_day_club,2500,
https://www.instagram.com/viki.kasper,viki.kasper,2700,
https://www.instagram.com/olechkaovs,olechkaovs,7200,
https://www.instagram.com/marinaandrievskaya,marinaandrievskaya,2700,
https://www.instagram.com/smm_mentor1,smm_mentor1,2500,
https://www.instagram.com/nonna_beutilife,nonna_beutilife,478,
https://www.instagram.com/zdorovologiya,zdorovologiya,13000,
https://www.instagram.com/olesya_instmama,olesya_instmama,700,
https://www.instagram.com/janina_gorodecka,janina_gorodecka,500,
https://www.instagram.com/olga.kuch.smm,olga.kuch.smm,1600,
https://www.instagram.com/nastasia.my_goal,nastasia.my_goal,1100,
https://www.instagram.com/kvest_the_best,kvest_the_best,1300,
https://www.instagram.com/grigory_klimenko,grigory_klimenko,10000,
https://www.instagram.com/tvoya_us_smm,tvoya_us_smm,1400,
https://www.instagram.com/julia_stacenko,julia_stacenko,1500,
https://www.instagram.com/vavilovamarina1,vavilovamarina1,800,
https://www.instagram.com/astina_astana,astina_astana,18000,
https://www.instagram.com/trvl.click,trvl.click,139000,
https://www.instagram.com/content_elena,content_elena,547,
https://www.instagram.com/smmdenisova_anuta,smmdenisova_anuta,10000,
https://www.instagram.com/laiki.mgdn,laiki.mgdn,8500,
https://www.instagram.com/katya.simba,katya.simba,903,
https://www.instagram.com/pishu_nazakaz,pishu_nazakaz,302,
https://www.instagram.com/olga_sergeeva14,olga_sergeeva14,744,
https://www.instagram.com/textomama,textomama,3100,
https://www.instagram.com/karinka.visual,karinka.visual,1300,
https://www.instagram.com/molostof,molostof,22000,
https://www.instagram.com/olesiaandreeva08,olesiaandreeva08,505,
https://www.instagram.com/bulatova_ariza,bulatova_ariza,10000,
https://www.instagram.com/anna.miix,anna.miix,1300,
https://www.instagram.com/svetlana_petrova_blog,svetlana_petrova_blog,988,
https://www.instagram.com/foto_optimist,foto_optimist,2000,
https://www.instagram.com/rudnitskiy1,rudnitskiy1,20000,
https://www.instagram.com/natasa_smm,natasa_smm,1000,
https://www.instagram.com/saharok_ksu,saharok_ksu,600,
https://www.instagram.com/loganova_violeta,loganova_violeta,824,
https://www.instagram.com/shapovalov.ph,shapovalov.ph,1200,
https://www.instagram.com/slyusar_smm,slyusar_smm,1700,
https://www.instagram.com/dobrynin8808,dobrynin8808,2800,
https://www.instagram.com/nataliya___romanyuk,nataliya___romanyuk,4700,
https://www.instagram.com/maria_turagentka,maria_turagentka,2000,
https://www.instagram.com/vvversll,vvversll,1000,
https://www.instagram.com/med_line_n.chirkei,med_line_n.chirkei,900,
https://www.instagram.com/advokat_mastinskaya,advokat_mastinskaya,9200,
https://www.instagram.com/lora_karamel,lora_karamel,511,
https://www.instagram.com/vika_vonline,vika_vonline,2900,
https://www.instagram.com/trvlclick,trvlclick,29000,
https://www.instagram.com/di.grayden,di.grayden,2200,
https://www.instagram.com/gentle__dental,gentle__dental,19000,
https://www.instagram.com/bier.meister,bier.meister,9600,
https://www.instagram.com/vintage.irina,vintage.irina,800,
https://www.instagram.com/ya_mama_azaliya,ya_mama_azaliya,5000,
https://www.instagram.com/olesyaermi,olesyaermi,900,
https://www.instagram.com/ksyu.espanochka,ksyu.espanochka,3500,
https://www.instagram.com/marketing_somnoi,marketing_somnoi,655,
https://www.instagram.com/karina.luckyy,karina.luckyy,1000,
https://www.instagram.com/know_smm,know_smm,500,
https://www.instagram.com/svetlana.izotova_,svetlana.izotova_,800,
https://www.instagram.com/onrelax.by,onrelax.by,3000,
https://www.instagram.com/olga_petrichenko,olga_petrichenko,1800,
https://www.instagram.com/bad__family__,bad__family__,1000,
https://www.instagram.com/ekaterinaprus.smm,ekaterinaprus.smm,9000,
https://www.instagram.com/facemade.yagoda.spb,facemade.yagoda.spb,6000,
https://www.instagram.com/shira.fitness32,shira.fitness32,2000,
https://www.instagram.com/smm.netochka,smm.netochka,700,
https://www.instagram.com/lagunaberdychiv,lagunaberdychiv,3000,
https://www.instagram.com/oksanali_smm,oksanali_smm,317,
https://www.instagram.com/shabanova_blog,shabanova_blog,3300,
https://www.instagram.com/tatiana_o_smm,tatiana_o_smm,240,
https://www.instagram.com/salskbeautycenter.ru,salskbeautycenter.ru,9000,
https://www.instagram.com/tisatisa777,tisatisa777,2200,
https://www.instagram.com/olya_ribka_,olya_ribka_,1200,
https://www.instagram.com/susieva_saida,susieva_saida,307,
https://www.instagram.com/ssulimanova,ssulimanova,216000,"фотограф, блогер"
https://www.instagram.com/alexander_svirko,alexander_svirko,512,
https://www.instagram.com/tikhonova__smm,tikhonova__smm,879,
https://www.instagram.com/podless.vladimirs,podless.vladimirs,6400,
https://www.instagram.com/zelifa_barlyibaeva,zelifa_barlyibaeva,9000,
https://www.instagram.com/glagols,glagols,79000,
https://www.instagram.com/nulya,nulya,31000,
https://www.instagram.com/advocatmaratchairullin,advocatmaratchairullin,6000,
https://www.instagram.com/ruslan_52.52,ruslan_52.52,1000,
https://www.instagram.com/doctor_boldyrev_official,doctor_boldyrev_official,66000,
https://www.instagram.com/chacha_kirill,chacha_kirill,1400,
https://www.instagram.com/egorpadalkin,egorpadalkin,49000,
https://www.instagram.com/_adigich_,_adigich_,444,
https://www.instagram.com/hannalukash,hannalukash,552,
https://www.instagram.com/yana_agarunova,yana_agarunova,11000,
https://www.instagram.com/moskotin,moskotin,21000,
https://www.instagram.com/yrabaluev,yrabaluev,1200,
https://www.instagram.com/alexa_mzp,alexa_mzp,47000,
https://www.instagram.com/moibizkhv,moibizkhv,9000,
https://www.instagram.com/zifadimitrieva,zifadimitrieva,14000,
https://www.instagram.com/abzalaliyev,abzalaliyev,5500,
https://www.instagram.com/anna_panacheva,anna_panacheva,2300,
https://www.instagram.com/tatyana_sidorova_biz,tatyana_sidorova_biz,1900,
https://www.instagram.com/petrov_aleksandrrus,petrov_aleksandrrus,10000,
https://www.instagram.com/nataliabaskakova80,nataliabaskakova80,41000,
https://www.instagram.com/nat_tr85,nat_tr85,1300,
https://www.instagram.com/viktoryroz_,viktoryroz_,5500,
https://www.instagram.com/garmonizator,garmonizator,1000,
https://www.instagram.com/anton.karotki,anton.karotki,120000,
https://www.instagram.com/sergey.romachenko,sergey.romachenko,3600,
https://www.instagram.com/vera_k_01,vera_k_01,400,
https://www.instagram.com/vadim.latyshev,vadim.latyshev,4200,
https://www.instagram.com/unitybreath,unitybreath,3600,
https://www.instagram.com/mona_art_vlg,mona_art_vlg,1500,
https://www.instagram.com/shmel.marina,shmel.marina,11000,
https://www.instagram.com/serezha_antonenko_smile,serezha_antonenko_smile,12000,
https://www.instagram.com/elk174,elk174,910,
https://www.instagram.com/kozachkova_yuliia,kozachkova_yuliia,84000,
https://www.instagram.com/aleksei_kozlov_monolit,aleksei_kozlov_monolit,10000,
https://www.instagram.com/ivan_fromdubai,ivan_fromdubai,7000,
https://www.instagram.com/slava.rst,slava.rst,2400,
https://www.instagram.com/tatyana.drugova,tatyana.drugova,16000,
https://www.instagram.com/olga_pekarko,olga_pekarko,126000,
https://www.instagram.com/pobezhimova_ekaterina_,pobezhimova_ekaterina_,1300,
https://www.instagram.com/gulya_traveler,gulya_traveler,900,
https://www.instagram.com/zhirova_advokat,zhirova_advokat,1100,
https://www.instagram.com/sergeygeraschenko,sergeygeraschenko,9000,
https://www.instagram.com/ivanov_yamal,ivanov_yamal,2200,
https://www.instagram.com/buhcapital,buhcapital,5700,
https://www.instagram.com/kirichenkoss,kirichenkoss,2100,
https://www.instagram.com/rezida.safronova_coach,rezida.safronova_coach,4500,
https://www.instagram.com/vladimir.digital,vladimir.digital,400,
https://www.instagram.com/kermasova_yulya,kermasova_yulya,1200,
https://www.instagram.com/mindsolvee,mindsolvee,800,
https://www.instagram.com/ladakorr,ladakorr,800,
https://www.instagram.com/motivator_at_ck,motivator_at_ck,6000,
https://www.instagram.com/d.i.andreeva,d.i.andreeva,3700,
https://www.instagram.com/ekaterina.art.coaching,ekaterina.art.coaching,600,
https://www.instagram.com/zamedlina_team,zamedlina_team,18000,
https://www.instagram.com/chingiskhan.kazakhstan,chingiskhan.kazakhstan,4800,
https://www.instagram.com/andrey_sinchilo,andrey_sinchilo,1500,
https://www.instagram.com/krupinpavel,krupinpavel,22000,
https://www.instagram.com/aika.dair,aika.dair,1100,
https://www.instagram.com/consultinguk,consultinguk,6400,
https://www.instagram.com/bondarenko_pro_jurbiz,bondarenko_pro_jurbiz,4200,
https://www.instagram.com/vahdimon,vahdimon,2600,
https://www.instagram.com/kotvic_,kotvic_,6400,
https://www.instagram.com/nataly_makarenko,nataly_makarenko,10000,
https://www.instagram.com/paklina.alena,paklina.alena,1600,
https://www.instagram.com/agent.yana.s,agent.yana.s,2500,
https://www.instagram.com/investor.voroshilov,investor.voroshilov,100000,
https://www.instagram.com/marketplace.go,marketplace.go,27000,
https://www.instagram.com/khmelev_alexandr,khmelev_alexandr,4200,
https://www.instagram.com/elena_fominnyh,elena_fominnyh,400,
https://www.instagram.com/lara.lakshmi,lara.lakshmi,2200,
https://www.instagram.com/katrine_kc,katrine_kc,4400,
https://www.instagram.com/makarenko_igory,makarenko_igory,1900,
https://www.instagram.com/alena_slivina,alena_slivina,58000,
https://www.instagram.com/karaewblog,karaewblog,854,
https://www.instagram.com/anast_life108,anast_life108,5000,
https://www.instagram.com/viktoria_knyazevva,viktoria_knyazevva,600,
https://www.instagram.com/economist_05,economist_05,5200,
https://www.instagram.com/thetaguru,thetaguru,11000,
https://www.instagram.com/irina.gorbatovskaya,irina.gorbatovskaya,1700,
https://www.instagram.com/polinanana21,polinanana21,1700,
https://www.instagram.com/irinaonishenko_,irinaonishenko_,6000,
https://www.instagram.com/fedorov_n.o,fedorov_n.o,31000,
https://www.instagram.com/astroairina,astroairina,4200,
https://www.instagram.com/iramolochnaya,iramolochnaya,2200,
https://www.instagram.com/julia_popesss,julia_popesss,18000,
https://www.instagram.com/luxagroup,luxagroup,4000,
https://www.instagram.com/smmticket,smmticket,700,
https://www.instagram.com/ezopsycholog,ezopsycholog,1500,
https://www.instagram.com/oksanadohod8,oksanadohod8,200,
https://www.instagram.com/svet_hmeleva,svet_hmeleva,1100,
https://www.instagram.com/evgeniykupko,evgeniykupko,31000,
https://www.instagram.com/ivan_lis,ivan_lis,30000,
https://www.instagram.com/el__kuznetsova,el__kuznetsova,1500,
https://www.instagram.com/parfenova.kate,parfenova.kate,3600,
https://www.instagram.com/sazonchiik,sazonchiik,4600,
https://www.instagram.com/rafael_rafaelevich,rafael_rafaelevich,122000,
https://www.instagram.com/moryakova_kris,moryakova_kris,11000,
https://www.instagram.com/ivan.investzone,ivan.investzone,9500,
https://www.instagram.com/yuliya_silantieva,yuliya_silantieva,1500,
https://www.instagram.com/tosamoe56,tosamoe56,4400,
https://www.instagram.com/virinka.foto,virinka.foto,33000,
https://www.instagram.com/annasuslowa,annasuslowa,1400,
https://www.instagram.com/nadiia_chuprina,nadiia_chuprina,700,
https://www.instagram.com/avramenko.businessonline,avramenko.businessonline,1400,
https://www.instagram.com/sofia_efremov,sofia_efremov,1800,
https://www.instagram.com/iamzaiceva,iamzaiceva,2800,
https://www.instagram.com/tipolog_coach,tipolog_coach,900,
https://www.instagram.com/aleksandr_zabelin__,aleksandr_zabelin__,10000,
https://www.instagram.com/lena_gorbachyova,lena_gorbachyova,1600,
https://www.instagram.com/mayami_l,mayami_l,7200,
https://www.instagram.com/axisa_kz,axisa_kz,2500,
https://www.instagram.com/irina_prokopevaa,irina_prokopevaa,2300,
https://www.instagram.com/katerina_busakova,katerina_busakova,2000,
https://www.instagram.com/violet_camilla,violet_camilla,131000,
https://www.instagram.com/pavel_investments_x100,pavel_investments_x100,4000,
https://www.instagram.com/ol.zavadskaya,ol.zavadskaya,1000,
https://www.instagram.com/valeriiaadri,valeriiaadri,14000,
https://www.instagram.com/djnastanet,djnastanet,7000,
https://www.instagram.com/siuzanna.a,siuzanna.a,11000,
https://www.instagram.com/nalog_biz,nalog_biz,263,
https://www.instagram.com/loskanslava,loskanslava,2300,
https://www.instagram.com/irina.bragina.ya,irina.bragina.ya,300,
https://www.instagram.com/akilinakuhn,akilinakuhn,121,
https://www.instagram.com/lena_merkury,lena_merkury,1500,
https://www.instagram.com/fando_blog28,fando_blog28,800,
https://www.instagram.com/julia.bizz,julia.bizz,533,
https://www.instagram.com/oksi_kudryavtseva,oksi_kudryavtseva,1000,
https://www.instagram.com/leri_danilova,leri_danilova,1800,
https://www.instagram.com/daria.v.smm,daria.v.smm,2000,
https://www.instagram.com/gorozhankina_katerina,gorozhankina_katerina,4500,
https://www.instagram.com/smerdov_va,smerdov_va,2600,
https://www.instagram.com/right_to_success,right_to_success,500,
https://www.instagram.com/valeriia_och,valeriia_och,1100,
https://www.instagram.com/buhgalter.irina,buhgalter.irina,1000,
https://www.instagram.com/rodion_mamontov,rodion_mamontov,9000,
https://www.instagram.com/angelika_prudnikova,angelika_prudnikova,137000,
https://www.instagram.com/anna_zhiratkova,anna_zhiratkova,1700,
https://www.instagram.com/alenagaya,alenagaya,1100,
https://www.instagram.com/dimitry_sae_lao,dimitry_sae_lao,1400,на англ
https://www.instagram.com/yanyanovskiy,yanyanovskiy,58000,на англ
https://www.instagram.com/life.ezoterika,life.ezoterika,20000,на англ
https://www.instagram.com/annagorodenker,annagorodenker,3900,
https://www.instagram.com/alex.kashkarov,alex.kashkarov,25000,
https://www.instagram.com/sofichileva,sofichileva,4500,
https://www.instagram.com/antihype.stylist,antihype.stylist,2700,
https://www.instagram.com/nataliadecor,nataliadecor,1000,закрытый акк
https://www.instagram.com/bek.mahmu5ov,bek.mahmu5ov,6000,
https://www.instagram.com/belka_magic_art,belka_magic_art,1900,
https://www.instagram.com/vladimirkusch,vladimirkusch,900,
https://www.instagram.com/alferova__ekaterina,alferova__ekaterina,1800,
https://www.instagram.com/natasha_shevchenko_design,natasha_shevchenko_design,15000,
https://www.instagram.com/dinaelkina,dinaelkina,5300,
https://www.instagram.com/amazonka_studio_hair,amazonka_studio_hair,1800,
https://www.instagram.com/demina_blog,demina_blog,4000,
https://www.instagram.com/brem_marina,brem_marina,8000,
https://www.instagram.com/ekaterina.paskal,ekaterina.paskal,23000,
https://www.instagram.com/shurinavs,shurinavs,241000,
https://www.instagram.com/alexandratarasiuk,alexandratarasiuk,900,
https://www.instagram.com/sa_spinoi_angela,sa_spinoi_angela,1000000,
https://www.instagram.com/brandme.academy,brandme.academy,10000,
https://www.instagram.com/antonovich.design.official,antonovich.design.official,224000,
https://www.instagram.com/asmolova_interiors,asmolova_interiors,1600,
https://www.instagram.com/tarasyuk_alex,tarasyuk_alex,800,
https://www.instagram.com/ambient3d,ambient3d,5000,
https://www.instagram.com/vladimir_maykov,vladimir_maykov,7000,
https://www.instagram.com/evgeny_lyashenko_,evgeny_lyashenko_,2500,
https://www.instagram.com/olga.svetlaya,olga.svetlaya,18000,
https://www.instagram.com/kaleusheva,kaleusheva,700,
https://www.instagram.com/ra.dioanya,ra.dioanya,75000,
https://www.instagram.com/art_tasueva,art_tasueva,1800,
https://www.instagram.com/psy_uspenskaya,psy_uspenskaya,21000,
https://www.instagram.com/flytourekb,flytourekb,3300,
https://www.instagram.com/happiness_vero,happiness_vero,145,
https://www.instagram.com/visioner.center,visioner.center,213,
https://www.instagram.com/irina_buldina,irina_buldina,900,
https://www.instagram.com/natasha_threetau,natasha_threetau,317,
https://www.instagram.com/arthouse_studio_,arthouse_studio_,8400,
https://www.instagram.com/lipunovades,lipunovades,3200,
https://www.instagram.com/juliavolikova,juliavolikova,4700,
https://www.instagram.com/company_mir,company_mir,25000,
https://www.instagram.com/anastasia_coach_ist,anastasia_coach_ist,2000,
https://www.instagram.com/visionary_school,visionary_school,2800,
https://www.instagram.com/nazaroff_as,nazaroff_as,4200,
https://www.instagram.com/oleg.aavi,oleg.aavi,600,
https://www.instagram.com/krasovskaya.start,krasovskaya.start,3400,
https://www.instagram.com/kristy_zhuky,kristy_zhuky,4000,
https://www.instagram.com/my_marketolog,my_marketolog,3400,
https://www.instagram.com/johnnystormmsk,johnnystormmsk,25000,
https://www.instagram.com/shitikovworld,shitikovworld,2000,
https://www.instagram.com/smmeduc,smmeduc,8300,
https://www.instagram.com/coach.eq,coach.eq,135,
https://www.instagram.com/svetladapsy,svetladapsy,200,
https://www.instagram.com/dzyubayulia,dzyubayulia,400,
https://www.instagram.com/karina_dozornova,karina_dozornova,300,
https://www.instagram.com/dyomina_coach,dyomina_coach,1000,
https://www.instagram.com/astrid_gregorian,astrid_gregorian,700,
https://www.instagram.com/dmitriy_kalabin,dmitriy_kalabin,700,
https://www.instagram.com/ira.mir.art,ira.mir.art,5000,
https://www.instagram.com/spacespirit_,spacespirit_,400,
https://www.instagram.com/prezidentofthefuture,prezidentofthefuture,600,
https://www.instagram.com/aleksey_sinitsyn_motivator,aleksey_sinitsyn_motivator,700,
https://www.instagram.com/shupan.invest,shupan.invest,1200,
https://www.instagram.com/turisticmanager,turisticmanager,4700,
https://www.instagram.com/alexander.holin,alexander.holin,10000,
https://www.instagram.com/eurokids_ru,eurokids_ru,1900,
https://www.instagram.com/marketspace_gem4me,marketspace_gem4me,1000,
https://www.instagram.com/szhurihin,szhurihin,4400,
https://www.instagram.com/olga_rachkovskaya,olga_rachkovskaya,800,
https://www.instagram.com/belye_oblaka,belye_oblaka,14000,
https://www.instagram.com/olgakezikova,olgakezikova,600,
https://www.instagram.com/cityhackers_berlin,cityhackers_berlin,3600,Экскурсии Берлин
https://www.instagram.com/vesta.rada,vesta.rada,700,
https://www.instagram.com/failiaibragimova,failiaibragimova,1300,
https://www.instagram.com/olesports.ru,olesports.ru,10000,
https://www.instagram.com/sun_cruises,sun_cruises,3900,
https://www.instagram.com/lybawa__,lybawa__,7500,
https://www.instagram.com/savotikovasveta,savotikovasveta,1700,
https://www.instagram.com/vasiliy_balobanov,vasiliy_balobanov,30000,
https://www.instagram.com/inspire4changes,inspire4changes,5000,
https://www.instagram.com/pavel_vatamanyuk,pavel_vatamanyuk,4500,
https://www.instagram.com/lobanov_serge_,lobanov_serge_,700,
https://www.instagram.com/drakulovich,drakulovich,36000,
https://www.instagram.com/hyundai_accent_club_34,hyundai_accent_club_34,4700,
https://www.instagram.com/lavandoviy_kyt,lavandoviy_kyt,4800,
https://www.instagram.com/gannapugacheva,gannapugacheva,4000,
https://www.instagram.com/mandre888,mandre888,4000,
https://www.instagram.com/tetika3838,tetika3838,700,
https://www.instagram.com/psyholog_shamova,psyholog_shamova,25000,
https://www.instagram.com/andrey_land,andrey_land,13000,
https://www.instagram.com/kate.trunova,kate.trunova,5000,
https://www.instagram.com/vlas_lika,vlas_lika,35000,
https://www.instagram.com/eva_onegin,eva_onegin,8300,
https://www.instagram.com/andrey_kravchenko_nvrsk,andrey_kravchenko_nvrsk,1800,
https://www.instagram.com/dina_esenomanova,dina_esenomanova,800,
https://www.instagram.com/bazanova_sochi,bazanova_sochi,1800,
https://www.instagram.com/v_poiske_seb_ya,v_poiske_seb_ya,1400,
https://www.instagram.com/samarapegast,samarapegast,5000,
https://www.instagram.com/werapodkowa,werapodkowa,9000,
https://www.instagram.com/ramilja_anurovna,ramilja_anurovna,500,
https://www.instagram.com/psychologist.kartushova,psychologist.kartushova,1700,
https://www.instagram.com/psiholog.shultz,psiholog.shultz,1400,
https://www.instagram.com/anna_bukhryakova,anna_bukhryakova,54000,
https://www.instagram.com/larina_fit_cake,larina_fit_cake,1900,
https://www.instagram.com/sorokina_tatiana1307,sorokina_tatiana1307,300,
https://www.instagram.com/natalya.khodareva,natalya.khodareva,800,
https://www.instagram.com/mikhail_skripnik,mikhail_skripnik,2000,
https://www.instagram.com/bogutskaya_anna,bogutskaya_anna,3000,
https://www.instagram.com/anastasia.kosyak,anastasia.kosyak,700,
https://www.instagram.com/bertoldecor_kazan,bertoldecor_kazan,1800,
https://www.instagram.com/nadezhda_antonowna,nadezhda_antonowna,800,
https://www.instagram.com/georgiy_2701,georgiy_2701,1300,
https://www.instagram.com/amircapital,amircapital,32000,
https://www.instagram.com/lilit.psychologist,lilit.psychologist,8000,
https://www.instagram.com/dorina.pro,dorina.pro,2000,
https://www.instagram.com/rubtsova_pro,rubtsova_pro,600,
https://www.instagram.com/yana_yanak,yana_yanak,99000,
https://www.instagram.com/selena_morozova,selena_morozova,17000,
https://www.instagram.com/fentonroma,fentonroma,10000,
https://www.instagram.com/anastasi_hollywood,anastasi_hollywood,12000,
https://www.instagram.com/natalya.ptitsa,natalya.ptitsa,1100,
https://www.instagram.com/olya_miralar,olya_miralar,4400,
https://www.instagram.com/stepan_misurka,stepan_misurka,10000,
https://www.instagram.com/katerok_bc,katerok_bc,145,
https://www.instagram.com/za_mira_alimbekova,za_mira_alimbekova,4000,
https://www.instagram.com/cosmosvtebe.club,cosmosvtebe.club,2200,
https://www.instagram.com/ipoteka_grc_sochi,ipoteka_grc_sochi,4000,
https://www.instagram.com/psycholog.irina.ilyashenko,psycholog.irina.ilyashenko,17000,
https://www.instagram.com/roman_chernov_it,roman_chernov_it,6660,
https://www.instagram.com/evgeniya.pr_,evgeniya.pr_,5700,
https://www.instagram.com/oksa.na.more,oksa.na.more,2900,
https://www.instagram.com/gladkov.a_nataliia,gladkov.a_nataliia,10000,
https://www.instagram.com/inna.troitskaya,inna.troitskaya,3700,
https://www.instagram.com/dima_vorobey1987,dima_vorobey1987,1500,
https://www.instagram.com/darya_instastart,darya_instastart,1300,
https://www.instagram.com/zelenova_project,zelenova_project,4000,
https://www.instagram.com/alina_lyubimovaaa,alina_lyubimovaaa,1500,
https://www.instagram.com/demianova_nata,demianova_nata,11000,
https://www.instagram.com/teterina__natali,teterina__natali,3700,
https://www.instagram.com/bfw_event,bfw_event,1300,
https://www.instagram.com/natalyapavlusik,natalyapavlusik,35000,
https://www.instagram.com/margarita__psy,margarita__psy,1400,
https://www.instagram.com/tamara.grubi,tamara.grubi,4300,
https://www.instagram.com/kataeva_welcome_mlm,kataeva_welcome_mlm,800,
https://www.instagram.com/unadurman,unadurman,29000,
https://www.instagram.com/human_desing_krd,human_desing_krd,1000,
https://www.instagram.com/svitkovskaya_yuliya,svitkovskaya_yuliya,3200,
https://www.instagram.com/mariia_psychologist,mariia_psychologist,1900,
https://www.instagram.com/line.protection,line.protection,477,
https://www.instagram.com/arinafosters,arinafosters,9700,
https://www.instagram.com/stasi_po,stasi_po,30000,
https://www.instagram.com/lady_nataly_trainer,lady_nataly_trainer,6800,
https://www.instagram.com/dasha.korch,dasha.korch,4600,
https://www.instagram.com/olgakulikova.mlm,olgakulikova.mlm,190,
https://www.instagram.com/mama_tvoego_karmana,mama_tvoego_karmana,1400,
https://www.instagram.com/demchenko.smm,demchenko.smm,900,
https://www.instagram.com/tulegen_bakytuly,tulegen_bakytuly,17600,
https://www.instagram.com/maximmarichi,maximmarichi,4200,
https://www.instagram.com/beliakovaleksey,beliakovaleksey,800,
https://www.instagram.com/yuliya_maxs,yuliya_maxs,1000,
https://www.instagram.com/dlekareva,dlekareva,19000,
https://www.instagram.com/sergey_shakhaev,sergey_shakhaev,48000,
https://www.instagram.com/pavel_proshkin,pavel_proshkin,14000,
https://www.instagram.com/elkhan_ezhdarov,elkhan_ezhdarov,4000,
https://www.instagram.com/losevaolga_vip,losevaolga_vip,2500,
https://www.instagram.com/feyerichnaya_n,feyerichnaya_n,3800,
https://www.instagram.com/romeo.safronov,romeo.safronov,600,
https://www.instagram.com/irina.gurbina,irina.gurbina,2000,
https://www.instagram.com/gorskay.sv,gorskay.sv,3000,
https://www.instagram.com/makodzyob5nata,makodzyob5nata,1000,
https://www.instagram.com/viki_travels,viki_travels,43000,
https://www.instagram.com/anton_fareitorov,anton_fareitorov,3000,
https://www.instagram.com/natalia_riazantseva_,natalia_riazantseva_,1000,
https://www.instagram.com/nbcrus,nbcrus,13000,
https://www.instagram.com/psiholog_sklyarova,psiholog_sklyarova,6000,
https://www.instagram.com/astro.ksyu,astro.ksyu,2000,психолог/астролог
https://www.instagram.com/lesya.shaf,lesya.shaf,1700,
https://www.instagram.com/partner.spb,partner.spb,1300,
https://www.instagram.com/komleva_pro_dengi,komleva_pro_dengi,5200,
https://www.instagram.com/veledare,veledare,10000,
https://www.instagram.com/sery_story,sery_story,4800,
https://www.instagram.com/artoxxana,artoxxana,1800,
https://www.instagram.com/dok_lenaa,dok_lenaa,1100,
https://www.instagram.com/kseniagors,kseniagors,7000,
https://www.instagram.com/botamukaeva_,botamukaeva_,112000,
https://www.instagram.com/kulturno_o_sekse,kulturno_o_sekse,6400,
https://www.instagram.com/gskyman,gskyman,11000,
https://www.instagram.com/jul_babchinskaja,jul_babchinskaja,1400,
https://www.instagram.com/drininvest,drininvest,8200,
https://www.instagram.com/daryapetkevich,daryapetkevich,1700,
https://www.instagram.com/lenamiro.coach,lenamiro.coach,1500,
https://www.instagram.com/mari.bmt,mari.bmt,3000,
https://www.instagram.com/fizner_viktoria,fizner_viktoria,700,
https://www.instagram.com/datcom.kz,datcom.kz,22000,
https://www.instagram.com/marina_business1,marina_business1,213,
https://www.instagram.com/larionova.me,larionova.me,5700,
https://www.instagram.com/elina.efi,elina.efi,6400,астропсихолог
https://www.instagram.com/miss_bakhmut2021,miss_bakhmut2021,800,конкурс красоты
https://www.instagram.com/chistiul_ka,chistiul_ka,440,
https://www.instagram.com/zaremakuklina,zaremakuklina,10000,
https://www.instagram.com/mariia_basharimova,mariia_basharimova,4000,
https://www.instagram.com/lotospremiya,lotospremiya,52000,
https://www.instagram.com/baevamarisha23,baevamarisha23,2300,
https://www.instagram.com/consenslaw,consenslaw,800,
https://www.instagram.com/tsk_sovremennik_anapa,tsk_sovremennik_anapa,1000,
https://www.instagram.com/dorogaduschi,dorogaduschi,8000,регресолог
https://www.instagram.com/anton_pischikov,anton_pischikov,13000,
https://www.instagram.com/rieltor_farit.kzn,rieltor_farit.kzn,4500,
https://www.instagram.com/svetik_sobina,svetik_sobina,1400,
https://www.instagram.com/tortoly_altay,tortoly_altay,50000,
https://www.instagram.com/natashumilova,natashumilova,1100,
https://www.instagram.com/anoshkina.lawyer,anoshkina.lawyer,12000,
https://www.instagram.com/elenalevitsky,elenalevitsky,9400,
https://www.instagram.com/madina_ibragimova_v,madina_ibragimova_v,6800,врач тибетской медицины. не доказатаельной...
https://www.instagram.com/vera_blaginina.psy,vera_blaginina.psy,3400,
https://www.instagram.com/kazakova_victori,kazakova_victori,2600,
https://www.instagram.com/dimontdi,dimontdi,2000,
https://www.instagram.com/palamarchuk_alexander,palamarchuk_alexander,1000000,
https://www.instagram.com/irina_kislitsyna_76,irina_kislitsyna_76,7000,эзотерик-психолог
https://www.instagram.com/gala.miss,gala.miss,1500,
https://www.instagram.com/serhii.plekhun,serhii.plekhun,900,
https://www.instagram.com/dr.alisandre,dr.alisandre,1000,
https://www.instagram.com/erogenlife,erogenlife,230,
https://www.instagram.com/larionovasvetlana.rus,larionovasvetlana.rus,2900,
https://www.instagram.com/copywriter_ushcheva,copywriter_ushcheva,7300,
https://www.instagram.com/flugger.kh,flugger.kh,1600,
https://www.instagram.com/alicecrystals,alicecrystals,3400,
https://www.instagram.com/sheterroma,sheterroma,15000,
https://www.instagram.com/_vitaliy_chernyakov_,_vitaliy_chernyakov_,500,
https://www.instagram.com/nelenka_version_2.0,nelenka_version_2.0,23000,
https://www.instagram.com/veronica_chronicles,veronica_chronicles,7600,
https://www.instagram.com/masua_mentor,masua_mentor,900,
https://www.instagram.com/youngmissglamor,youngmissglamor,11000,
https://www.instagram.com/elena.drive,elena.drive,2500,
https://www.instagram.com/advokatka_mykhalenko,advokatka_mykhalenko,2700,
https://www.instagram.com/filter.russia,filter.russia,800,
https://www.instagram.com/eff_solution,eff_solution,5000,
https://www.instagram.com/irinaru.21,irinaru.21,600,
https://www.instagram.com/bakirovaphoto,bakirovaphoto,4000,
https://www.instagram.com/elenavaliak,elenavaliak,38000,
https://www.instagram.com/viktoria_tarangul,viktoria_tarangul,17000,
https://www.instagram.com/cruises.kim,cruises.kim,1000,
https://www.instagram.com/narativa.mk,narativa.mk,3000,
https://www.instagram.com/dr.fatikhov,dr.fatikhov,5200,
https://www.instagram.com/olga_v_sporte,olga_v_sporte,13000,
https://www.instagram.com/smirnova77ella,smirnova77ella,1100,
https://www.instagram.com/doc.shitihina,doc.shitihina,1400,
https://www.instagram.com/sneg_ana,sneg_ana,1600,
https://www.instagram.com/taniky_09,taniky_09,10000,
https://www.instagram.com/_miss_tatiana,_miss_tatiana,1100,
https://www.instagram.com/nechaevalyu,nechaevalyu,1000,
https://www.instagram.com/uspeshnayamama.project,uspeshnayamama.project,1500,
https://www.instagram.com/rakhmanolya1,rakhmanolya1,600,
https://www.instagram.com/daryakulkova,daryakulkova,3700,
https://www.instagram.com/ekaterina_masterrazborov,ekaterina_masterrazborov,5000,
https://www.instagram.com/psychologist_nebogatova,psychologist_nebogatova,4700,
https://www.instagram.com/annaryzhako_teta,annaryzhako_teta,4800,
https://www.instagram.com/rinat_rakhmolin,rinat_rakhmolin,3200,
https://www.instagram.com/elenatefiti,elenatefiti,2000,
https://www.instagram.com/doctor_dush_dovhaliuk,doctor_dush_dovhaliuk,1800,
https://www.instagram.com/finsovetnyk,finsovetnyk,2300,
https://www.instagram.com/irina_tetaritm,irina_tetaritm,4400,
https://www.instagram.com/beshlyaga_psy,beshlyaga_psy,1300,
https://www.instagram.com/tatyana_kurganskaya_coach,tatyana_kurganskaya_coach,3600,
https://www.instagram.com/madambrovkina_irk,madambrovkina_irk,54000,
https://www.instagram.com/khamidullov,khamidullov,1900,
https://www.instagram.com/antipov.mc,antipov.mc,900,
https://www.instagram.com/imperia_dance_club,imperia_dance_club,2800,
https://www.instagram.com/alena_kokareva,alena_kokareva,1700,
https://www.instagram.com/tatiana_prokhorenko,tatiana_prokhorenko,1300,
https://www.instagram.com/amandevi_kaur_,amandevi_kaur_,1900,
https://www.instagram.com/sergeymargasov,sergeymargasov,900,
https://www.instagram.com/rieltor_anna_k,rieltor_anna_k,3200,
https://www.instagram.com/sabirowa_psy,sabirowa_psy,300,
https://www.instagram.com/avoska_34,avoska_34,7000,
https://www.instagram.com/ne_dvizhimost,ne_dvizhimost,1200,
https://www.instagram.com/kroshnyi_ivan,kroshnyi_ivan,26000,
https://www.instagram.com/bezrokova,bezrokova,17000,"акушерка, роды"
https://www.instagram.com/ya_schastlivtseva,ya_schastlivtseva,1600,
https://www.instagram.com/alexeysheshko,alexeysheshko,1400,
https://www.instagram.com/olga_salodkaya,olga_salodkaya,7500,
https://www.instagram.com/natalek78_,natalek78_,1600,
https://www.instagram.com/evgeniya.urist,evgeniya.urist,55000,
https://www.instagram.com/alexandr_fortelnyi,alexandr_fortelnyi,47000,
https://www.instagram.com/windrose_airlines,windrose_airlines,17000,
https://www.instagram.com/bessonova_psycholog,bessonova_psycholog,4800,
https://www.instagram.com/neurosofia_ru,neurosofia_ru,150000,
https://www.instagram.com/olga_light_apl,olga_light_apl,400,
https://www.instagram.com/ashik_tima,ashik_tima,2600,
https://www.instagram.com/alexandr_successfull,alexandr_successfull,8000,
https://www.instagram.com/w_krasnova,w_krasnova,3700,
https://www.instagram.com/vladislava__petler,vladislava__petler,22000,
https://www.instagram.com/viktorvoytik,viktorvoytik,5800,
https://www.instagram.com/shamilcoffee,shamilcoffee,1200,
https://www.instagram.com/lili.protalant,lili.protalant,2700,
https://www.instagram.com/lyuba_kuriy,lyuba_kuriy,5000,
https://www.instagram.com/rvbutuzov,rvbutuzov,700,
https://www.instagram.com/irpsyholog,irpsyholog,600,
https://www.instagram.com/isakovy_family,isakovy_family,6000,вроде бизнесмен
https://www.instagram.com/katrinfeliz_,katrinfeliz_,5500,
https://www.instagram.com/slavna_solnce,slavna_solnce,30000,
https://www.instagram.com/mediation_krd,mediation_krd,1300,
https://www.instagram.com/online_business_internet,online_business_internet,14000,
https://www.instagram.com/iryna_solodniuk,iryna_solodniuk,17000,
https://www.instagram.com/you.guru,you.guru,20000,
https://www.instagram.com/ritmikscheer,ritmikscheer,2300,
https://www.instagram.com/katerina.dvoryakova,katerina.dvoryakova,1300,
https://www.instagram.com/lomtev_andrew,lomtev_andrew,3500,
https://www.instagram.com/psycho_lis,psycho_lis,2300,
https://www.instagram.com/marinaodincova,marinaodincova,5200,
https://www.instagram.com/juliartamonova,juliartamonova,1300,
https://www.instagram.com/irinamakkarty,irinamakkarty,10000,
https://www.instagram.com/egor.shirokih,egor.shirokih,1800,
https://www.instagram.com/margo_karamova,margo_karamova,400,
https://www.instagram.com/katanaevent,katanaevent,900,
https://www.instagram.com/fobii.psy,fobii.psy,14000,
https://www.instagram.com/vash_lifecoach,vash_lifecoach,1200,
https://www.instagram.com/beerhoff_lg,beerhoff_lg,18000,
https://www.instagram.com/nina_dulerova,nina_dulerova,6000,
https://www.instagram.com/tvoi_instaadmin,tvoi_instaadmin,1200,
https://www.instagram.com/smartwash.rf,smartwash.rf,7000,
https://www.instagram.com/elena_geshtaltterapy,elena_geshtaltterapy,700,
https://www.instagram.com/boris_sazhin,boris_sazhin,900,
https://www.instagram.com/shishkovapsy,shishkovapsy,2600,
https://www.instagram.com/novavi.official,novavi.official,3000,
https://www.instagram.com/zhukovapsy,zhukovapsy,400,
https://www.instagram.com/psycholog_alsu,psycholog_alsu,7000,
https://www.instagram.com/pirogov.ur,pirogov.ur,15000,
https://www.instagram.com/psiholog.elenalatysh,psiholog.elenalatysh,97000,
https://www.instagram.com/alla_zanimonets,alla_zanimonets,6200,
https://www.instagram.com/poryv.anna,poryv.anna,6700,
https://www.instagram.com/dashuly_mnaidarova,dashuly_mnaidarova,600,
https://www.instagram.com/fadeev_adviser,fadeev_adviser,1400,
https://www.instagram.com/chudosveta.school,chudosveta.school,4800,
https://www.instagram.com/gatsbyrentacar,gatsbyrentacar,14000,
https://www.instagram.com/lyud.millla,lyud.millla,1000,
https://www.instagram.com/veronika.niakhai,veronika.niakhai,800,
https://www.instagram.com/nastena1891,nastena1891,5200,
https://www.instagram.com/life_pws,life_pws,400,"психолог, эзотерика"
https://www.instagram.com/larisa_nesterowa,larisa_nesterowa,1300,
https://www.instagram.com/markovanadya.pro,markovanadya.pro,1600,
https://www.instagram.com/svetlanatriglav,svetlanatriglav,1100,
https://www.instagram.com/diliara_abdullina,diliara_abdullina,3600,
https://www.instagram.com/maxorlov68,maxorlov68,600,
https://www.instagram.com/astrovastu_dnipro,astrovastu_dnipro,1100,
https://www.instagram.com/dmitriy_filitovich,dmitriy_filitovich,17000,
https://www.instagram.com/zhemchugovanet,zhemchugovanet,13000,
https://www.instagram.com/shatalovvva,shatalovvva,18000,
https://www.instagram.com/alesya_kita,alesya_kita,31000,
https://www.instagram.com/intelcar.ua,intelcar.ua,14000,
https://www.instagram.com/mykola_bien,mykola_bien,34000,
https://www.instagram.com/roman_fast_boy,roman_fast_boy,1700,
https://www.instagram.com/fufundrik,fufundrik,3000,
https://www.instagram.com/dubaibyorik,dubaibyorik,4300,
https://www.instagram.com/nikolay_pryanishnikov,nikolay_pryanishnikov,22000,
https://www.instagram.com/galina_aromaved,galina_aromaved,1900,
https://www.instagram.com/natalya_anokhina__,natalya_anokhina__,5000,
https://www.instagram.com/yd_alenka,yd_alenka,1000,
https://www.instagram.com/7plan.ru,7plan.ru,37000,
https://www.instagram.com/anna_iotko,anna_iotko,100000,
https://www.instagram.com/mikhail_tarasoff_,mikhail_tarasoff_,2300,
https://www.instagram.com/izvestia_banket,izvestia_banket,3600,
https://www.instagram.com/dariana_neumann,dariana_neumann,30000,
https://www.instagram.com/irina_kurza,irina_kurza,12000,
https://www.instagram.com/kolomchika,kolomchika,7800,
https://www.instagram.com/mr.suhanov,mr.suhanov,4700,
https://www.instagram.com/cherepenina_kristina,cherepenina_kristina,28000,
https://www.instagram.com/golota_viktor,golota_viktor,8000,врач
https://www.instagram.com/samurai_tuimazy,samurai_tuimazy,1700,
https://www.instagram.com/allaa.tkacheva,allaa.tkacheva,3800,
https://www.instagram.com/lisakuznetsova_,lisakuznetsova_,800,
https://www.instagram.com/mari.mariyaaa,mari.mariyaaa,4400,
https://www.instagram.com/gulmirayussupova_,gulmirayussupova_,153000,
https://www.instagram.com/rodzkina_maryna,rodzkina_maryna,5400,
https://www.instagram.com/frameup_official,frameup_official,25000,
https://www.instagram.com/anjelika_djamilova,anjelika_djamilova,800,
https://www.instagram.com/vladuchkanovikov,vladuchkanovikov,11000,
https://www.instagram.com/ivitrina.kz,ivitrina.kz,200000,
https://www.instagram.com/dana.batyrshina,dana.batyrshina,70000,
https://www.instagram.com/vika_tricom,vika_tricom,4500,
https://www.instagram.com/shashukovanina_apl,shashukovanina_apl,4000,
https://www.instagram.com/daria_tolm,daria_tolm,28000,
https://www.instagram.com/_pesterevamarina,_pesterevamarina,2000,
https://www.instagram.com/pavel.filimonenok,pavel.filimonenok,534,
https://www.instagram.com/tikhomirova_estate,tikhomirova_estate,9100,
https://www.instagram.com/eugeniy.su,eugeniy.su,700,
https://www.instagram.com/naida_ahmeda_smm,naida_ahmeda_smm,330,
https://www.instagram.com/marsel_m02,marsel_m02,2200,
https://www.instagram.com/lenalenskaia_,lenalenskaia_,1200,
https://www.instagram.com/pikulaalukip,pikulaalukip,19000,
https://www.instagram.com/veshta,veshta,6000,
https://www.instagram.com/academiya_finansov,academiya_finansov,500,
https://www.instagram.com/elenazaitseva574,elenazaitseva574,450,
https://www.instagram.com/probiz.su,probiz.su,2300,
https://www.instagram.com/alina_budivskaya,alina_budivskaya,5000,
https://www.instagram.com/na_nanova,na_nanova,500,
https://www.instagram.com/nutr_i_pro,nutr_i_pro,600,
https://www.instagram.com/julia.ostanina,julia.ostanina,10000,
https://www.instagram.com/igorzakhidov,igorzakhidov,2000,
https://www.instagram.com/ekaterina.gelver,ekaterina.gelver,4200,
https://www.instagram.com/grebenschikov.s,grebenschikov.s,800,
https://www.instagram.com/patseva_marina,patseva_marina,5200,
https://www.instagram.com/gresko_tetyana,gresko_tetyana,3500,
https://www.instagram.com/krasnikova__aleksandra,krasnikova__aleksandra,1300,
https://www.instagram.com/zarabotoknadolgah,zarabotoknadolgah,1000,
https://www.instagram.com/matemarketolog,matemarketolog,500,
https://www.instagram.com/smirnovasvetlana,smirnovasvetlana,3000,
https://www.instagram.com/krasnoye_vinishko_,krasnoye_vinishko_,2200,
https://www.instagram.com/karrina_gera,karrina_gera,700,
https://www.instagram.com/elvira_090877,elvira_090877,1500,
https://www.instagram.com/chizh.profi,chizh.profi,3000,
https://www.instagram.com/mkazhurina,mkazhurina,800,
https://www.instagram.com/finexpertiza,finexpertiza,26000,
https://www.instagram.com/allajusi,allajusi,6700,
https://www.instagram.com/betonmaster,betonmaster,20000,
https://www.instagram.com/brainbox_ru,brainbox_ru,8000,
https://www.instagram.com/radislavgandapas,radislavgandapas,636000,
https://www.instagram.com/next_instant,next_instant,530,
https://www.instagram.com/alekss_fedotov,alekss_fedotov,2700,
https://www.instagram.com/top_chat7,top_chat7,2000,
https://www.instagram.com/talib.sm,talib.sm,20000,
https://www.instagram.com/parshini_,parshini_,12000,
https://www.instagram.com/aaah.irina,aaah.irina,1300,
https://www.instagram.com/suslikova.sv,suslikova.sv,500,
https://www.instagram.com/tatiana_ramirez_sd,tatiana_ramirez_sd,1200,
https://www.instagram.com/praktikaplus,praktikaplus,500,
https://www.instagram.com/veronika_tsanaeva,veronika_tsanaeva,700,
https://www.instagram.com/teya_salat,teya_salat,22000,
https://www.instagram.com/oksana_gumen,oksana_gumen,5300,
https://www.instagram.com/zub21,zub21,23000,
https://www.instagram.com/diana.lawyer.samara,diana.lawyer.samara,1300,
https://www.instagram.com/gass_nalogi,gass_nalogi,4440,
https://www.instagram.com/khalika.project,khalika.project,3800,
https://www.instagram.com/tat.ana_stars,tat.ana_stars,3800,
https://www.instagram.com/wowkristal777,wowkristal777,10000,
https://www.instagram.com/assel.assylbekk,assel.assylbekk,15000,
https://www.instagram.com/angelina___ray,angelina___ray,51000,
https://www.instagram.com/natalia_bonami,natalia_bonami,2200,
https://www.instagram.com/kirillmetelkin,kirillmetelkin,5000,
https://www.instagram.com/samvelkhlgatian,samvelkhlgatian,11200,
https://www.instagram.com/energymarketolog,energymarketolog,7000,
https://www.instagram.com/olga_v_vereshchagina,olga_v_vereshchagina,3000,
https://www.instagram.com/keratin_guru,keratin_guru,10000,
https://www.instagram.com/nikiforovaoficial,nikiforovaoficial,18000,
https://www.instagram.com/golubmil,golubmil,4500,
https://www.instagram.com/kuralai__raisova,kuralai__raisova,700,
https://www.instagram.com/mashenka_pro_uspeh,mashenka_pro_uspeh,600,
https://www.instagram.com/arsenkamchibekov,arsenkamchibekov,4800,
https://www.instagram.com/anny_karty,anny_karty,1900,
https://www.instagram.com/aelita.stepanova,aelita.stepanova,580,
https://www.instagram.com/zalivaevva,zalivaevva,700,
https://www.instagram.com/_maryam_isaeva_,_maryam_isaeva_,125000,
https://www.instagram.com/olimitenoli,olimitenoli,14000,
https://www.instagram.com/igorimpervol,igorimpervol,2000,
https://www.instagram.com/lizatarget,lizatarget,9000,
https://www.instagram.com/wowswetka,wowswetka,12000,
https://www.instagram.com/galina.kiuru,galina.kiuru,1600,
https://www.instagram.com/investmentbusinessfamily,investmentbusinessfamily,75000,
https://www.instagram.com/margarita_osadchaya8,margarita_osadchaya8,50000,
https://www.instagram.com/avestiaz,avestiaz,4200,
https://www.instagram.com/ven_instastart,ven_instastart,1700,
https://www.instagram.com/albinaholgova_etiquette,albinaholgova_etiquette,33000,обучение этикету
https://www.instagram.com/survive_in_antalya,survive_in_antalya,7000,
https://www.instagram.com/osnova.nails,osnova.nails,2500,
https://www.instagram.com/kosenko_mam,kosenko_mam,12000,
https://www.instagram.com/sergei_drozdovskii,sergei_drozdovskii,7000,
https://www.instagram.com/ir.kalin,ir.kalin,600,
https://www.instagram.com/cruise_discont,cruise_discont,1500,
https://www.instagram.com/kamalovaphoto,kamalovaphoto,2700,
https://www.instagram.com/timeclub1387,timeclub1387,3400,
https://www.instagram.com/sergeyhoggord_coach,sergeyhoggord_coach,7000,
https://www.instagram.com/semucov,semucov,1400,
https://www.instagram.com/sherman.life,sherman.life,4000,
https://www.instagram.com/evelina_gerashchenko,evelina_gerashchenko,11000,
https://www.instagram.com/personal_kaizen,personal_kaizen,35000,
https://www.instagram.com/andrei_sokolov_25,andrei_sokolov_25,1800,
https://www.instagram.com/timerlan_blog,timerlan_blog,27000,
https://www.instagram.com/dekkertatiana,dekkertatiana,89000,
https://www.instagram.com/black_psychologyst,black_psychologyst,2400,
https://www.instagram.com/julipro_,julipro_,700,
https://www.instagram.com/du.target,du.target,800,
https://www.instagram.com/masharova_nails,masharova_nails,1400,
https://www.instagram.com/burlakova_olga18,burlakova_olga18,600,
https://www.instagram.com/pozhara_ne_budet,pozhara_ne_budet,7700,
https://www.instagram.com/focus.smm_,focus.smm_,30000,
https://www.instagram.com/svetlana_boiko_mk,svetlana_boiko_mk,1500,
https://www.instagram.com/indi__mag,indi__mag,1000,
https://www.instagram.com/yury_smyshlyaev,yury_smyshlyaev,1100,
https://www.instagram.com/smm_tati_178,smm_tati_178,2200,
https://www.instagram.com/yulia_abdukarimova,yulia_abdukarimova,6200,
https://www.instagram.com/pavlov_dm,pavlov_dm,4000,
https://www.instagram.com/pavel.dpm,pavel.dpm,2700,
https://www.instagram.com/ermojulie,ermojulie,1400,
https://www.instagram.com/batyashev777,batyashev777,1400,
https://www.instagram.com/olga_granina90,olga_granina90,1000,
https://www.instagram.com/christina.berezhneva,christina.berezhneva,27000,
https://www.instagram.com/maryy.fri,maryy.fri,1700,
https://www.instagram.com/tsvyakhina,tsvyakhina,8000,
https://www.instagram.com/pollyyhappy,pollyyhappy,1900,
https://www.instagram.com/nazarova_olesia,nazarova_olesia,1900,
https://www.instagram.com/irina_czech,irina_czech,15000,
https://www.instagram.com/svetlana_nuhna,svetlana_nuhna,1400,
https://www.instagram.com/nata.kaminskaya,nata.kaminskaya,2600,
https://www.instagram.com/karinabulatovna,karinabulatovna,7100,
https://www.instagram.com/galina.volovodova,galina.volovodova,780,
https://www.instagram.com/oly_glinskay,oly_glinskay,1400,"фотографи, нумеролог"
https://www.instagram.com/dema__38,dema__38,4300,
https://www.instagram.com/stukalova_life,stukalova_life,1900,
https://www.instagram.com/finance_alex,finance_alex,1000,
https://www.instagram.com/karishka.as,karishka.as,400000,
https://www.instagram.com/vlada_hair_bar,vlada_hair_bar,2300,
https://www.instagram.com/advokat_dm,advokat_dm,270000,
https://www.instagram.com/arsen_sensei,arsen_sensei,25000,
https://www.instagram.com/vic_tor_georgia,vic_tor_georgia,31000,
https://www.instagram.com/toma_vbiznese,toma_vbiznese,800,
https://www.instagram.com/asya_levin,asya_levin,16000,
https://www.instagram.com/ilyzafox.blogg,ilyzafox.blogg,7700,
https://www.instagram.com/ismaniyat_sw,ismaniyat_sw,9500,
https://www.instagram.com/s_vi_beauty,s_vi_beauty,1900,
https://www.instagram.com/golubyatnikoffsergey,golubyatnikoffsergey,10000,
https://www.instagram.com/biznes.terexova,biznes.terexova,2100,
https://www.instagram.com/a_a_linaa,a_a_linaa,400,
https://www.instagram.com/albina_volshebstvo,albina_volshebstvo,41000,психосоматика
https://www.instagram.com/m_dmitr,m_dmitr,4500,
https://www.instagram.com/nastia_mama_life,nastia_mama_life,800,
https://www.instagram.com/cikoza,cikoza,8200,
https://www.instagram.com/lubov_vasil,lubov_vasil,500,
https://www.instagram.com/serega_brut,serega_brut,16000,
https://www.instagram.com/tatyanabozkurt,tatyanabozkurt,73000,
https://www.instagram.com/mmamedved,mmamedved,5200,
https://www.instagram.com/alyona_poloz,alyona_poloz,490,
https://www.instagram.com/aniiat_stilist,aniiat_stilist,1600,
https://www.instagram.com/lara_pro_zarabotok,lara_pro_zarabotok,3100,
https://www.instagram.com/elena_khan_theta,elena_khan_theta,3700,
https://www.instagram.com/vadim.malchikov,vadim.malchikov,6100,
https://www.instagram.com/kotlyarevskaya_tatiana,kotlyarevskaya_tatiana,2800,
https://www.instagram.com/smm_trenerr,smm_trenerr,1115,
https://www.instagram.com/blackrizze,blackrizze,1800,
https://www.instagram.com/salmushev,salmushev,3600,
https://www.instagram.com/maria_falter,maria_falter,14000,
https://www.instagram.com/kristina_strikhar,kristina_strikhar,3000,
https://www.instagram.com/ivan_keratin,ivan_keratin,227000,
https://www.instagram.com/o_she_,o_she_,658,
https://www.instagram.com/lenashvko,lenashvko,1000,
https://www.instagram.com/diana_ivashchenko_,diana_ivashchenko_,14000,
https://www.instagram.com/tatsianabrows,tatsianabrows,3200,
https://www.instagram.com/setelady,setelady,8300,
https://www.instagram.com/egorovaangelina986,egorovaangelina986,11000,
https://www.instagram.com/evgesha_rc,evgesha_rc,55000,бизнес леди
https://www.instagram.com/tatiana_aleksandrovna924,tatiana_aleksandrovna924,2500,
https://www.instagram.com/dashevskaya.13,dashevskaya.13,186000,
https://www.instagram.com/blog_bogatyi_psiholog,blog_bogatyi_psiholog,6400,
https://www.instagram.com/lis.ks,lis.ks,4100,
https://www.instagram.com/rent4work,rent4work,115,
https://www.instagram.com/tanya_moshchalkina,tanya_moshchalkina,2100,
https://www.instagram.com/trud_pravo_demko,trud_pravo_demko,31000,
https://www.instagram.com/ekaterina.freelanse,ekaterina.freelanse,14000,
https://www.instagram.com/alisapetrova.design,alisapetrova.design,500,
https://www.instagram.com/blokhastaya,blokhastaya,700,
https://www.instagram.com/pma_coach,pma_coach,8000,
https://www.instagram.com/mariya_vdovichenko,mariya_vdovichenko,900,
https://www.instagram.com/tany_bazhenova,tany_bazhenova,2000,
https://www.instagram.com/free.cathrene,free.cathrene,1900,
https://www.instagram.com/sandra.vishnya.smm,sandra.vishnya.smm,5200,
https://www.instagram.com/zarubina_businessonline,zarubina_businessonline,500,
https://www.instagram.com/advokat_li_dmitrieva,advokat_li_dmitrieva,700,
https://www.instagram.com/vik_onl,vik_onl,8600,
https://www.instagram.com/lina_askme,lina_askme,1500,
https://www.instagram.com/ledi_marion,ledi_marion,1100,
https://www.instagram.com/iam_illustrator,iam_illustrator,15000,
https://www.instagram.com/black__cat0710,black__cat0710,278000,
https://www.instagram.com/diamondoly,diamondoly,27000,
https://www.instagram.com/tatiana.nailsart,tatiana.nailsart,6500,
https://www.instagram.com/ledi_duxi.ru,ledi_duxi.ru,1500,
https://www.instagram.com/aygul_kulahmetova,aygul_kulahmetova,2200,
https://www.instagram.com/vyat_nadya_uds,vyat_nadya_uds,500,
https://www.instagram.com/linatalial,linatalial,4300,
https://www.instagram.com/ritm.tlt,ritm.tlt,1800,
https://www.instagram.com/simakova__tatiana,simakova__tatiana,2700,
https://www.instagram.com/tanya.samoilova_visual,tanya.samoilova_visual,1200,
https://www.instagram.com/ekaterina.trubicina,ekaterina.trubicina,1600,
https://www.instagram.com/habarlar,habarlar,1100,
https://www.instagram.com/three.haa,three.haa,400,
https://www.instagram.com/artery_evgeniy,artery_evgeniy,19000,
https://www.instagram.com/dariart.art,dariart.art,130000,
https://www.instagram.com/dance_baza_fb,dance_baza_fb,2600,
https://www.instagram.com/lady.belenko,lady.belenko,87000,
https://www.instagram.com/kiren_blog,kiren_blog,1900,
https://www.instagram.com/olga.sobgayda,olga.sobgayda,1000,
https://www.instagram.com/olyapro.smm,olyapro.smm,2000,
https://www.instagram.com/raushaniia_freelance,raushaniia_freelance,1300,
https://www.instagram.com/vladimir.losev,vladimir.losev,700,
https://www.instagram.com/vmaksimovnaa,vmaksimovnaa,2200,
https://www.instagram.com/kalinin_valery,kalinin_valery,10000,
https://www.instagram.com/michael_mysnik,michael_mysnik,29000,
https://www.instagram.com/eka_stel,eka_stel,200,
https://www.instagram.com/alevtina_draiva,alevtina_draiva,1000,
https://www.instagram.com/la.bellezza7777,la.bellezza7777,400,
https://www.instagram.com/wonder_woman_smm,wonder_woman_smm,2600,
https://www.instagram.com/irengrigoreva1,irengrigoreva1,2000,
https://www.instagram.com/lola_targetolog,lola_targetolog,300,
https://www.instagram.com/kykyryzzz,kykyryzzz,200,
https://www.instagram.com/askhat_crp,askhat_crp,400,
https://www.instagram.com/an_nailyina,an_nailyina,380,
https://www.instagram.com/olgavinokur,olgavinokur,300,
https://www.instagram.com/d_tishansky,d_tishansky,8300,
https://www.instagram.com/millioner_morgun,millioner_morgun,77000,
https://www.instagram.com/aktivinfo,aktivinfo,4200,
https://www.instagram.com/crossfire_white,crossfire_white,1300,
https://www.instagram.com/lydmila_gorshcova,lydmila_gorshcova,9500,
https://www.instagram.com/yuliya_biznes_v_telefone2,yuliya_biznes_v_telefone2,700,
https://www.instagram.com/rina_kiseleva_,rina_kiseleva_,900,
https://www.instagram.com/anna_bulanenko,anna_bulanenko,200,
https://www.instagram.com/sh_krissstina,sh_krissstina,640,
https://www.instagram.com/kochetkova.blog,kochetkova.blog,20000,
https://www.instagram.com/paevskiy1,paevskiy1,1300000,
https://www.instagram.com/savinaharen,savinaharen,5000,
https://www.instagram.com/anja_smm,anja_smm,1400,
https://www.instagram.com/aroma_belka,aroma_belka,1300,
https://www.instagram.com/solodovnik_m_a,solodovnik_m_a,11000,
https://www.instagram.com/valentina_vaskan,valentina_vaskan,1000,
https://www.instagram.com/tarasova.y.n,tarasova.y.n,16000,
https://www.instagram.com/viktoriadi_15,viktoriadi_15,1600,
https://www.instagram.com/blog.profbuh,blog.profbuh,23000,
https://www.instagram.com/andreygerasimov__,andreygerasimov__,700,
https://www.instagram.com/alinatacmelova,alinatacmelova,1900,
https://www.instagram.com/viktoriavyselko,viktoriavyselko,2400,
https://www.instagram.com/ultra_kawaii,ultra_kawaii,51000,
https://www.instagram.com/addiction_psychotherapy,addiction_psychotherapy,1400,
https://www.instagram.com/elen_text_inst,elen_text_inst,1000,
https://www.instagram.com/pchelintseva.ph,pchelintseva.ph,7800,
https://www.instagram.com/nadi_finance,nadi_finance,3200,
https://www.instagram.com/waleriyalife,waleriyalife,3000,
https://www.instagram.com/raisa_top_findir,raisa_top_findir,1300,
https://www.instagram.com/1mca,1mca,34000,
https://www.instagram.com/armelle_abbud,armelle_abbud,8000,
https://www.instagram.com/lena_._boss_,lena_._boss_,1600,
https://www.instagram.com/lena.strateg,lena.strateg,700,
https://www.instagram.com/e_makhota,e_makhota,27000,
https://www.instagram.com/veronika.alexx,veronika.alexx,726,
https://www.instagram.com/yuliya_o_pp,yuliya_o_pp,4300,
https://www.instagram.com/aislu_tuyakova,aislu_tuyakova,1000,
https://www.instagram.com/fati.moscow,fati.moscow,1600,
https://www.instagram.com/dmitrykhara,dmitrykhara,159000,
https://www.instagram.com/oksana_dinamika,oksana_dinamika,4700,
https://www.instagram.com/kovalchik_tatyana,kovalchik_tatyana,1200,
https://www.instagram.com/dragunova_coach,dragunova_coach,200,
https://www.instagram.com/kosta_amz,kosta_amz,1400,
https://www.instagram.com/t__cake__,t__cake__,3200,
https://www.instagram.com/anna_polo__,anna_polo__,1200,
https://www.instagram.com/kriss_fit_gym,kriss_fit_gym,3300,
https://www.instagram.com/petr_ova.tatyana,petr_ova.tatyana,800,
https://www.instagram.com/bizmom_chichenkova,bizmom_chichenkova,700,
https://www.instagram.com/gribelvictor,gribelvictor,10000,
https://www.instagram.com/yaumeeva.consulting,yaumeeva.consulting,2300,
https://www.instagram.com/liliana_instastart,liliana_instastart,1500,
https://www.instagram.com/domakhina_kate,domakhina_kate,2700,
https://www.instagram.com/german_misikov_001,german_misikov_001,15000,
https://www.instagram.com/mama_frilans_s,mama_frilans_s,240,
https://www.instagram.com/evgeniakovtun_,evgeniakovtun_,1400,
https://www.instagram.com/nafisa.rustamovna,nafisa.rustamovna,1700,
https://www.instagram.com/yulya_buddy,yulya_buddy,11000,
https://www.instagram.com/yulechka_koryakina,yulechka_koryakina,1100,
https://www.instagram.com/mary_sya0,mary_sya0,1900,
https://www.instagram.com/elen.o.smm,elen.o.smm,740,
https://www.instagram.com/lenochka.rydenko,lenochka.rydenko,1000,
https://www.instagram.com/alena_freelancc,alena_freelancc,600,
https://www.instagram.com/club_ydalennoi_profession,club_ydalennoi_profession,1000,
https://www.instagram.com/kitty.ek,kitty.ek,1600,
https://www.instagram.com/pravoprodan,pravoprodan,6800,
https://www.instagram.com/darina_solodkova,darina_solodkova,14000,
https://www.instagram.com/smmvdele,smmvdele,1200,
https://www.instagram.com/helen_khatsko,helen_khatsko,1500,
https://www.instagram.com/oksanaesipenkova,oksanaesipenkova,1100,
https://www.instagram.com/universe.create,universe.create,822,
https://www.instagram.com/a_lenanova,a_lenanova,1000,
https://www.instagram.com/lizashafer,lizashafer,16000,
https://www.instagram.com/tvoya__nadezhda,tvoya__nadezhda,600,
https://www.instagram.com/kp.marketolog,kp.marketolog,280,
https://www.instagram.com/milaya_sindy,milaya_sindy,200,
https://www.instagram.com/alieva_lilyash,alieva_lilyash,500,но похоже на сетевой
https://www.instagram.com/aliaksandra.kud,aliaksandra.kud,2200,
https://www.instagram.com/marina.teimurova,marina.teimurova,160,
https://www.instagram.com/ksenia_mom_pro,ksenia_mom_pro,900,
https://www.instagram.com/renata___kuznetsova,renata___kuznetsova,1800,
https://www.instagram.com/marinas_top,marinas_top,7800,
https://www.instagram.com/evgeniya_sanna,evgeniya_sanna,560,
https://www.instagram.com/almaty_yurist,almaty_yurist,1100,
https://www.instagram.com/onzaripov,onzaripov,3000,
https://www.instagram.com/d.shillerov,d.shillerov,200,возможно сетевой
https://www.instagram.com/smm.omarova,smm.omarova,800,
https://www.instagram.com/luiza.muidinova,luiza.muidinova,11000,
https://www.instagram.com/dina_in_france,dina_in_france,7700,
https://www.instagram.com/_isaevoleg,_isaevoleg,7500,похоже на сетевой
https://www.instagram.com/tatyana_smakova,tatyana_smakova,17000,главрач
https://www.instagram.com/iluta.sena,iluta.sena,2300,
https://www.instagram.com/ana_swissart,ana_swissart,2700,
https://www.instagram.com/katya_sereykina,katya_sereykina,3000,
https://www.instagram.com/natalia_target,natalia_target,400,
https://www.instagram.com/mama74_essens,mama74_essens,300,
https://www.instagram.com/ladis_dom,ladis_dom,1100,
https://www.instagram.com/marija_supernova,marija_supernova,400,
https://www.instagram.com/lena_sovka,lena_sovka,1300,
https://www.instagram.com/maxs.xo,maxs.xo,900,
https://www.instagram.com/kucherenko_blog,kucherenko_blog,2600,
https://www.instagram.com/tulegenova_mlm,tulegenova_mlm,1700,
https://www.instagram.com/valentina_paxomova,valentina_paxomova,12000,
https://www.instagram.com/anny_shulya,anny_shulya,1100,
https://www.instagram.com/katy_logutkova,katy_logutkova,2700,
https://www.instagram.com/taplink_levelup,taplink_levelup,500,
https://www.instagram.com/lapka_elen,lapka_elen,3100,
https://www.instagram.com/annaterjenel,annaterjenel,1600,
https://www.instagram.com/polya.polza,polya.polza,1200,
https://www.instagram.com/alesya_bodrug_pm,alesya_bodrug_pm,2400,
https://www.instagram.com/timofeeva.sofyya,timofeeva.sofyya,41000,
https://www.instagram.com/natalia_rumyantseva__,natalia_rumyantseva__,1000,
https://www.instagram.com/lady_lebedeva,lady_lebedeva,13000,
https://www.instagram.com/sergey_kurguz,sergey_kurguz,600,
https://www.instagram.com/zolotov_blog,zolotov_blog,12000,
https://www.instagram.com/irina_kor_chinskaia,irina_kor_chinskaia,4000,
https://www.instagram.com/jdz_shakirova,jdz_shakirova,1700,
https://www.instagram.com/elen.afranshiza,elen.afranshiza,400,
https://www.instagram.com/anastasiya_skalnova_makeup,anastasiya_skalnova_makeup,11000,
https://www.instagram.com/albiwhite07,albiwhite07,21000,
https://www.instagram.com/kati.kozachuk,kati.kozachuk,750,
https://www.instagram.com/ingaprodvigator,ingaprodvigator,5000,
https://www.instagram.com/mom.dochek,mom.dochek,1600,
https://www.instagram.com/lytckinaelena,lytckinaelena,28000,
https://www.instagram.com/shtofa_julia,shtofa_julia,6500,
https://www.instagram.com/detskiy_centr_vmeste,detskiy_centr_vmeste,700,
https://www.instagram.com/valentina_shamkhalova,valentina_shamkhalova,1100,
https://www.instagram.com/natasha.buhuslugi,natasha.buhuslugi,800,
https://www.instagram.com/proguide.online,proguide.online,600,
https://www.instagram.com/pavlsand,pavlsand,7000,
https://www.instagram.com/people.bk,people.bk,12000,
https://www.instagram.com/idoc_igor,idoc_igor,1000,
https://www.instagram.com/instaveedma,instaveedma,1200,
https://www.instagram.com/sibiryachka_,sibiryachka_,1000,
https://www.instagram.com/parfumerochkaa,parfumerochkaa,7500,
https://www.instagram.com/alexander.dovydenko,alexander.dovydenko,250,
https://www.instagram.com/svetlanaherbs,svetlanaherbs,700,
https://www.instagram.com/aleksand_andreevs,aleksand_andreevs,1400,
https://www.instagram.com/dr.baby_face,dr.baby_face,15000,
https://www.instagram.com/marketing_dzen,marketing_dzen,777,
https://www.instagram.com/borodina_business,borodina_business,13000,
https://www.instagram.com/loginova_strateg,loginova_strateg,8800,
https://www.instagram.com/zvezdina.tatyana,zvezdina.tatyana,1500,
https://www.instagram.com/mariabrokina,mariabrokina,3700,
https://www.instagram.com/boroda.znaet,boroda.znaet,119000,
https://www.instagram.com/tatyana_psyhologist_sexologist,tatyana_psyhologist_sexologist,23000,
https://www.instagram.com/jantel_lifestyle,jantel_lifestyle,270,похудение
https://www.instagram.com/basirova_blog,basirova_blog,200,
https://www.instagram.com/annamilya.smm,annamilya.smm,700,
https://www.instagram.com/natalia.popova77,natalia.popova77,400,
https://www.instagram.com/ekarerina_sidorova,ekarerina_sidorova,8800,
https://www.instagram.com/adelinas.brand,adelinas.brand,1200,
https://www.instagram.com/tamila_sidash,tamila_sidash,1500,
https://www.instagram.com/dmitriy.aleshkevich,dmitriy.aleshkevich,5200,
https://www.instagram.com/rustrog,rustrog,19000,
https://www.instagram.com/kuzmina.juliaa,kuzmina.juliaa,1600,
https://www.instagram.com/golik_art,golik_art,500,
https://www.instagram.com/redvolkova,redvolkova,14000,
https://www.instagram.com/mari.prodvizhenie,mari.prodvizhenie,1900,
https://www.instagram.com/skin_ekspert,skin_ekspert,2000,
https://www.instagram.com/gareeva_guzeli,gareeva_guzeli,1300,
https://www.instagram.com/oks_corp,oks_corp,1200,
https://www.instagram.com/larisa.paxomova,larisa.paxomova,500,
https://www.instagram.com/natali_ideal_mama,natali_ideal_mama,6000,
https://www.instagram.com/smmzadolinka,smmzadolinka,177,
https://www.instagram.com/oleg.yaradar,oleg.yaradar,166,со владелец сети ресторанов
https://www.instagram.com/olgazebranails,olgazebranails,14000,
https://www.instagram.com/rina_smart,rina_smart,400,
https://www.instagram.com/raksana_sereda,raksana_sereda,2000,
https://www.instagram.com/pavelneb_13,pavelneb_13,8200,
https://www.instagram.com/tf.tata,tf.tata,800,
https://www.instagram.com/sportclubmaster,sportclubmaster,1000,
https://www.instagram.com/evgenia.sh.design,evgenia.sh.design,3500,
https://www.instagram.com/kozhevnikova_marketolog,kozhevnikova_marketolog,500,
https://www.instagram.com/smm.martynova,smm.martynova,3200,
https://www.instagram.com/stasishin.i,stasishin.i,3000,
https://www.instagram.com/marii_yurshina,marii_yurshina,6200,
https://www.instagram.com/tstitov,tstitov,22000,
https://www.instagram.com/groz_coach,groz_coach,300,
https://www.instagram.com/d_golik_,d_golik_,6000,
https://www.instagram.com/dmitri.prots,dmitri.prots,10000,
https://www.instagram.com/elena_zaremsky,elena_zaremsky,2200,
https://www.instagram.com/a.a.g7011,a.a.g7011,5000,
https://www.instagram.com/sergey_mazanov,sergey_mazanov,5600,
https://www.instagram.com/tretyakov_foto,tretyakov_foto,2600,
https://www.instagram.com/nataliastrein,nataliastrein,4400,
https://www.instagram.com/mary_bukh,mary_bukh,9800,
https://www.instagram.com/petaickukolfa,petaickukolfa,3800,
https://www.instagram.com/sup_lazarevskoe_supfit,sup_lazarevskoe_supfit,1600,
https://www.instagram.com/ivanfloriya,ivanfloriya,200,
https://www.instagram.com/rustamazimov,rustamazimov,10000,??
https://www.instagram.com/aleksandrabombela,aleksandrabombela,340,художник
https://www.instagram.com/natka_1419,natka_1419,64,личная страница
https://www.instagram.com/elenagrigoryeva,elenagrigoryeva,500,личная страница
https://www.instagram.com/olegshtark,olegshtark,8300,
https://www.instagram.com/artem_zhestkov,artem_zhestkov,400,личная страница
https://www.instagram.com/alinaaamendes,alinaaamendes,2200,личная страница
https://www.instagram.com/alex_fed_vys,alex_fed_vys,700,личная страница
https://www.instagram.com/missrb_olesya,missrb_olesya,1000,личная страница
https://www.instagram.com/vitaliygranin,vitaliygranin,1200,личная страница
https://www.instagram.com/udjena,udjena,500,личная страница
https://www.instagram.com/annabykovskaia,annabykovskaia,1000,
https://www.instagram.com/kryuchkova.coach,kryuchkova.coach,1300,
https://www.instagram.com/nursultanisanov,nursultanisanov,500,личная страница
https://www.instagram.com/ly.bliznyukova,ly.bliznyukova,500,личная страница
https://www.instagram.com/clubfirst_business_community,clubfirst_business_community,800,клуб бизнесменов
https://www.instagram.com/dastan_yesmagambetov_,dastan_yesmagambetov_,380,директор альфабанка казахстан
https://www.instagram.com/estabish,estabish,260,личная страница
https://www.instagram.com/valentin.kr,valentin.kr,700,"лб, но вроде держит своё кафе"
https://www.instagram.com/gravitaciya____,gravitaciya____,-,
https://www.instagram.com/37chance,37chance,380,
https://www.instagram.com/olgavarflomeeva,olgavarflomeeva,130,личная страница
https://www.instagram.com/maryapozd,maryapozd,2500,онлайн здоровье
https://www.instagram.com/alena_berdyeva,alena_berdyeva,-,
https://www.instagram.com/ksenya.dmitriieva,ksenya.dmitriieva,1700,личная страница
https://www.instagram.com/luxu.ry129,luxu.ry129,1200,
https://www.instagram.com/homestaging_olgadk.spb,homestaging_olgadk.spb,95,личная страница
https://www.instagram.com/smelaya.o,smelaya.o,-,
https://www.instagram.com/intact.ru,intact.ru,130,айти компания
https://www.instagram.com/natali_makarovaaa,natali_makarovaaa,160,свое свадебное агенство по организации
https://www.instagram.com/ivanfinsovet,ivanfinsovet,50,
https://www.instagram.com/eco.honeykuban,eco.honeykuban,900,
https://www.instagram.com/nadia_sultimova,nadia_sultimova,370,риетор
https://www.instagram.com/dimaskrudj,dimaskrudj,180,личная страница
https://www.instagram.com/zhanna_with_love,zhanna_with_love,800,личная страница
https://www.instagram.com/ipoteka_welcome,ipoteka_welcome,13,
https://www.instagram.com/o.kseniaberezina,o.kseniaberezina,-,
https://www.instagram.com/love_u_sever,love_u_sever,400,личная страница
https://www.instagram.com/yulia_zar777,yulia_zar777,150,личная страница
https://www.instagram.com/yannyshumaeva,yannyshumaeva,400,модель
https://www.instagram.com/alexandra_netesheva,alexandra_netesheva,60,личная страница
https://www.instagram.com/volokitin.stanislav,volokitin.stanislav,400,
https://www.instagram.com/danirinka,danirinka,600,личная страница
https://www.instagram.com/vashanasya,vashanasya,1300,личная страница
https://www.instagram.com/grechka111,grechka111,600,
https://www.instagram.com/dikova_kris,dikova_kris,900,
https://www.instagram.com/sabirov.lab,sabirov.lab,10000,
https://www.instagram.com/abduholiq9292,abduholiq9292,1000,личная страница
https://www.instagram.com/taneshadrunova,taneshadrunova,500,
https://www.instagram.com/mr.kahlenko,mr.kahlenko,370,
https://www.instagram.com/julidecorburo,julidecorburo,112,организация мероприятий...
https://www.instagram.com/alexakaman,alexakaman,600,личная страница
https://www.instagram.com/dina.filinskaya,dina.filinskaya,600,
https://www.instagram.com/kyrtsykapraskovia,kyrtsykapraskovia,150,
https://www.instagram.com/stroydoc26,stroydoc26,360,строительная компния
https://www.instagram.com/domini.lazarev,domini.lazarev,400,"строительство. в профиле нет инфы об этом, только фото"
https://www.instagram.com/antoninakatsura,antoninakatsura,-,
https://www.instagram.com/a.naryshkin,a.naryshkin,260,
https://www.instagram.com/dubova.mari,dubova.mari,-,
https://www.instagram.com/natalia_volkova_official,natalia_volkova_official,700,личная страница
https://www.instagram.com/yakovenko_alexey,yakovenko_alexey,500,личная страница
https://www.instagram.com/shapovalova_art,shapovalova_art,400,свечи
https://www.instagram.com/medotvodonline,medotvodonline,700,продажа мед справок
https://www.instagram.com/fox_eburg777,fox_eburg777,50,личная страница
https://www.instagram.com/koresch07,koresch07,-,
https://www.instagram.com/d_a_education,d_a_education,350,
https://www.instagram.com/getmeback_russia,getmeback_russia,130,???
https://www.instagram.com/v.v.utushkina,v.v.utushkina,1800,
https://www.instagram.com/galiia_ai,galiia_ai,230,
https://www.instagram.com/oksana.broker,oksana.broker,2000,недвижимость
https://www.instagram.com/mariestro.cake,mariestro.cake,5000,кондитер
https://www.instagram.com/anyop,anyop,400,личная страница
https://www.instagram.com/ivandedov.ru,ivandedov.ru,2100,
https://www.instagram.com/konstantin_protas_,konstantin_protas_,700,
https://www.instagram.com/anastasiya_poborseva,anastasiya_poborseva,600,личная страница
https://www.instagram.com/helgag_art,helgag_art,180,
https://www.instagram.com/anastasia_n_kruk,anastasia_n_kruk,3200,личная страница
https://www.instagram.com/gkh_art_chelbogashev,gkh_art_chelbogashev,1200,
https://www.instagram.com/vetsliza,vetsliza,47,личная страница
https://www.instagram.com/olga_gubina,olga_gubina,17000,неот описания
https://www.instagram.com/vitalik.limak,vitalik.limak,500,личная страница
https://www.instagram.com/cherry.vika,cherry.vika,900,
https://www.instagram.com/anton_aliam,anton_aliam,400,
https://www.instagram.com/rumpav,rumpav,1400,личная страница
https://www.instagram.com/ksks_borisova,ksks_borisova,1800,личная страница
https://www.instagram.com/egarminmax,egarminmax,2600,
https://www.instagram.com/sergey_at1,sergey_at1,800,марафонец
https://www.instagram.com/adamiaalina,adamiaalina,-,
https://www.instagram.com/radi.atr,radi.atr,22,личная страница
https://www.instagram.com/ilia_dorogin,ilia_dorogin,700,
https://www.instagram.com/premium_love_,premium_love_,230,
https://www.instagram.com/nastystyuzina,nastystyuzina,7400,
https://www.instagram.com/zimy_nebudet,zimy_nebudet,1500,личная страница
https://www.instagram.com/dr.alpatoy,dr.alpatoy,23000,
https://www.instagram.com/buvalin,buvalin,2900,тренер
https://www.instagram.com/belyaevaolga7,belyaevaolga7,250,личная страница
https://www.instagram.com/kuzmicheva11,kuzmicheva11,300,личная страница
https://www.instagram.com/masha.sed,masha.sed,1600,????
https://www.instagram.com/darrryas10,darrryas10,300,личная страница
https://www.instagram.com/shturm_dobro,shturm_dobro,200,личная страница
https://www.instagram.com/kokobonga,kokobonga,9200,
https://www.instagram.com/archianya,archianya,1500,личная страница
https://www.instagram.com/polinochekk,polinochekk,500,личная страница
https://www.instagram.com/logo__space,logo__space,500,
https://www.instagram.com/ya_na.f,ya_na.f,100,личная страница
https://www.instagram.com/sweet_kanareika,sweet_kanareika,2900,
https://www.instagram.com/o.pozhidaev,o.pozhidaev,200,личная страница
https://www.instagram.com/gmcs.company,gmcs.company,260,конкуренты
https://www.instagram.com/stas_filatov_,stas_filatov_,700,
https://www.instagram.com/_ma_ni_ta_,_ma_ni_ta_,400,личная страница
https://www.instagram.com/aishat.interior,aishat.interior,37000,
https://www.instagram.com/kirillovaofficional,kirillovaofficional,800,
https://www.instagram.com/normwork_,normwork_,60,личная страница
https://www.instagram.com/marinakafitullova,marinakafitullova,3000,личная страница
https://www.instagram.com/zieda_sharipova,zieda_sharipova,400,
https://www.instagram.com/zakharchuk_vv,zakharchuk_vv,230,
https://www.instagram.com/anna_popova999,anna_popova999,10000,личная страница
https://www.instagram.com/tanyshakozimina,tanyshakozimina,1000,
https://www.instagram.com/waggonparis_minsk,waggonparis_minsk,6000,
https://www.instagram.com/olia.bats,olia.bats,3700,
https://www.instagram.com/costumier_kz,costumier_kz,13000,
https://www.instagram.com/ramina.vlasina,ramina.vlasina,600,
https://www.instagram.com/black_rnd,black_rnd,300,личная страница
https://www.instagram.com/natali_finances,natali_finances,900,личная страница
https://www.instagram.com/rinadsgn,rinadsgn,800,
https://www.instagram.com/rakhmanovajulia,rakhmanovajulia,600,
https://www.instagram.com/suvorova_katya_,suvorova_katya_,400,
https://www.instagram.com/valerylive,valerylive,1600,
https://www.instagram.com/ivanov.offiziell,ivanov.offiziell,210,личная страница
https://www.instagram.com/neminfin,neminfin,140,
https://www.instagram.com/vicsatra,vicsatra,190,личная страница
https://www.instagram.com/_abrosimova_anna_,_abrosimova_anna_,1000,
https://www.instagram.com/nasyrov__radik,nasyrov__radik,300,личная страница
https://www.instagram.com/selfie_treningi,selfie_treningi,2000,
https://www.instagram.com/mironchevaanna1,mironchevaanna1,100,личная страница
https://www.instagram.com/annatheverve,annatheverve,400,
https://www.instagram.com/a.korostelyova,a.korostelyova,700,
https://www.instagram.com/lemyr_777,lemyr_777,800,цитатки
https://www.instagram.com/korolevdb,korolevdb,800,
https://www.instagram.com/alina_pro.cvetanie,alina_pro.cvetanie,700,
https://www.instagram.com/vchtna,vchtna,1300,
https://www.instagram.com/akimovinvest,akimovinvest,300,
https://www.instagram.com/victoria_aksenova,victoria_aksenova,2000,
https://www.instagram.com/elizaveta_atelie,elizaveta_atelie,100,личная страница
https://www.instagram.com/tanashevaa,tanashevaa,1500,личная страница
https://www.instagram.com/olga_haccpexpert,olga_haccpexpert,11000,
https://www.instagram.com/g.i.andruschenko,g.i.andruschenko,1000,
https://www.instagram.com/yulia_otkrivaet_glaza,yulia_otkrivaet_glaza,100,личная страница
https://www.instagram.com/vlad_kushnerev,vlad_kushnerev,4300,
https://www.instagram.com/zarinka_iztel,zarinka_iztel,300,
https://www.instagram.com/tatianadedidenko,tatianadedidenko,1300,
https://www.instagram.com/viktoriiapshenichko,viktoriiapshenichko,120,личная страница
https://www.instagram.com/lawyer.sokhacheva,lawyer.sokhacheva,1200,
https://www.instagram.com/walkingkach,walkingkach,480,личная страница
https://www.instagram.com/lapkina_irina,lapkina_irina,1700,
https://www.instagram.com/tanyah1710,tanyah1710,600,
https://www.instagram.com/regina_chel,regina_chel,1200,
https://www.instagram.com/evgenij_morozov1,evgenij_morozov1,1300,
https://www.instagram.com/natalia_vslv,natalia_vslv,1400,
https://www.instagram.com/1venera1,1venera1,600,
https://www.instagram.com/valeriagerasimova,valeriagerasimova,800,личная страница
https://www.instagram.com/money_outof_thin_air,money_outof_thin_air,2800,???
https://www.instagram.com/makarov_nkt,makarov_nkt,600,личная страница
https://www.instagram.com/_grace_accessories_,_grace_accessories_,4000,
https://www.instagram.com/krofft,krofft,800,личная страница
https://www.instagram.com/fcdevyatka,fcdevyatka,3000,футбольный клуб
https://www.instagram.com/elena_onuchina_textile,elena_onuchina_textile,-,
https://www.instagram.com/o_laveti,o_laveti,900,
https://www.instagram.com/vika_a,vika_a,400,личная страница
https://www.instagram.com/sofi.gnedak,sofi.gnedak,6200,
https://www.instagram.com/mariarubtsova,mariarubtsova,2300,
https://www.instagram.com/miss_ks__,miss_ks__,400,личная страница
https://www.instagram.com/molekulakrasoti,molekulakrasoti,4500,
https://www.instagram.com/loza_astro,loza_astro,4,астролог
https://www.instagram.com/nevaprofmaster,nevaprofmaster,1400,
https://www.instagram.com/dmitrii.stashkevich,dmitrii.stashkevich,300,личная страница
https://www.instagram.com/tatyana.msu,tatyana.msu,600,личная страница
https://www.instagram.com/miller.vladimir.energizer,miller.vladimir.energizer,700,
https://www.instagram.com/natalia_ianaeva,natalia_ianaeva,137,
https://www.instagram.com/denis_shipkov,denis_shipkov,25,личная страница
https://www.instagram.com/tamaramartirosyan,tamaramartirosyan,93,личная страница
https://www.instagram.com/krismavry,krismavry,220,личная страница
https://www.instagram.com/mr.crazyosmo,mr.crazyosmo,5000,
https://www.instagram.com/k.kastmy,k.kastmy,600,личная страница
https://www.instagram.com/oleg.muravyev,oleg.muravyev,542,личная страница
https://www.instagram.com/kaifcoach.kris,kaifcoach.kris,240,
https://www.instagram.com/annaturkian,annaturkian,1000,личная страница
https://www.instagram.com/nataly.goncharova_,nataly.goncharova_,300,
https://www.instagram.com/kryu1103,kryu1103,68,личная страница
https://www.instagram.com/call_afruzitta,call_afruzitta,88,личная страница
https://www.instagram.com/lana_v_sorokina,lana_v_sorokina,4500,личная страница
https://www.instagram.com/candyboxnsk,candyboxnsk,250,
https://www.instagram.com/o.o.nikolaeva,o.o.nikolaeva,70,личная страница
https://www.instagram.com/elinabilous,elinabilous,1500,
https://www.instagram.com/primakova_jurist,primakova_jurist,5000,
https://www.instagram.com/yuliasarafanova,yuliasarafanova,400,личная страница
https://www.instagram.com/violetta_ponomareva_va,violetta_ponomareva_va,2400,
https://www.instagram.com/dzhdress,dzhdress,400,
https://www.instagram.com/nmalygina,nmalygina,300,
https://www.instagram.com/dr.jselutina,dr.jselutina,210,????
https://www.instagram.com/marinavik_torovna,marinavik_torovna,230,личная страница
https://www.instagram.com/polina_yast,polina_yast,316,закрытый акк
https://www.instagram.com/e.gololobova,e.gololobova,600,личная страница
https://www.instagram.com/mari.tell,mari.tell,800,
https://www.instagram.com/vinog.vinogradov,vinog.vinogradov,200,какие то циттаты
https://www.instagram.com/supermalena,supermalena,10000,блогер
https://www.instagram.com/lanalareyn,lanalareyn,500,личная страница
https://www.instagram.com/lapoukhiikrolik,lapoukhiikrolik,115,личная страница
https://www.instagram.com/mila_occo,mila_occo,40,
https://www.instagram.com/lili.belyaeva,lili.belyaeva,276,личная страница
https://www.instagram.com/biz.teen,biz.teen,15000,
https://www.instagram.com/pomor_mark,pomor_mark,500,
https://www.instagram.com/alinalappinagova,alinalappinagova,15000,
https://www.instagram.com/mariiaimulina,mariiaimulina,1400,
https://www.instagram.com/irina.n.gurusmm,irina.n.gurusmm,900,
https://www.instagram.com/iri_1921,iri_1921,100,личная страница
https://www.instagram.com/olgakrasheninina,olgakrasheninina,300,личная страница
https://www.instagram.com/realgulin,realgulin,600,личная страница
https://www.instagram.com/izmailoff.roman,izmailoff.roman,1000,
https://www.instagram.com/lav_design,lav_design,400,
https://www.instagram.com/yanabykovainteriors,yanabykovainteriors,700,
https://www.instagram.com/orazalin_darkhan,orazalin_darkhan,11000,
https://www.instagram.com/a_spirinka,a_spirinka,900,личная страница
https://www.instagram.com/shumskaya.by,shumskaya.by,5200,
https://www.instagram.com/oleg_pashkov_008,oleg_pashkov_008,2700,